customer_id,first_name,last_name,email,city,created_at
1,Raymond,Potter,mary51@example.com,Millerfurt,2026-05-07 19:28:07.610
2,Patricia,James,aaron33@example.com,Millerberg,2026-05-07 19:28:07.623
3,Samuel,Mcgee,michaelwilliams@example.net,Mccallmouth,2026-05-07 19:28:07.633
4,Logan,Knight,davispaul@example.net,Jessicaburgh,2026-05-07 19:28:07.640
5,Jamie,Chavez,troy28@example.org,Hendricksborough,2026-05-07 19:28:07.643
6,Kristin,Jensen,jacquelineyoung@example.net,Chenstad,2026-05-07 19:28:07.650
7,Tina,Malone,amanda27@example.net,Lake Brandon,2026-05-07 19:28:07.657
8,Alexander,Murphy,robertdoyle@example.com,Williamsstad,2026-05-07 19:28:07.663
9,Isabel,Downs,rgonzalez@example.com,Ericchester,2026-05-07 19:28:07.667
10,Crystal,Christian,kwoodward@example.com,West Teresatown,2026-05-07 19:28:07.673
11,Anthony,Larsen,jacob27@example.com,Brownton,2026-05-07 19:28:07.680
12,Tabitha,Dalton,mckeeconnie@example.net,Port Travis,2026-05-07 19:28:07.687
13,Joe,Meyer,snyderscott@example.net,North Michellebury,2026-05-07 19:28:07.700
14,Elizabeth,Larsen,lowerysuzanne@example.com,Morganchester,2026-05-07 19:28:07.703
15,Sharon,Smith,richardsonchristopher@example.org,Johnsonborough,2026-05-07 19:28:07.710
16,Jennifer,Hamilton,joshua23@example.org,Reeveschester,2026-05-07 19:28:07.713
17,Anthony,Russell,shelby93@example.org,East Ambermouth,2026-05-07 19:28:07.717
18,Cynthia,Lee,kaylaschwartz@example.net,Crystalland,2026-05-07 19:28:07.723
19,Lisa,Daniels,daniel89@example.net,Porterview,2026-05-07 19:28:07.727
20,Mary,Johnson,champton@example.com,Port Joshuaport,2026-05-07 19:28:07.733
21,Christopher,Hansen,zacharyknapp@example.org,Port Douglasport,2026-05-07 19:28:07.740
22,Aaron,Anderson,martinjames@example.com,Marshallport,2026-05-07 19:28:07.743
23,Joshua,Scott,beth23@example.com,Jeanton,2026-05-07 19:28:07.750
24,Elizabeth,Lowe,jamesallison@example.org,New Joshua,2026-05-07 19:28:07.753
25,Brandi,Allen,vsmith@example.org,Port Barbara,2026-05-07 19:28:07.760
26,Kaylee,Duke,fshea@example.net,West Robertton,2026-05-07 19:28:07.763
27,Laura,Perez,phamilton@example.org,Lake Danieltown,2026-05-07 19:28:07.770
28,Robert,Harmon,matthew11@example.net,South Aaronchester,2026-05-07 19:28:07.773
29,Gloria,Meyer,michaelsmith@example.net,Welchshire,2026-05-07 19:28:07.780
30,Elizabeth,Atkinson,tracy25@example.net,New Jason,2026-05-07 19:28:07.783
31,Richard,Wright,boliver@example.net,West Rickyview,2026-05-07 19:28:07.790
32,Sarah,Smith,sanchezcurtis@example.com,Bestbury,2026-05-07 19:28:07.797
33,Stephanie,Allen,zacharyhorn@example.com,North Anthony,2026-05-07 19:28:07.803
34,Dennis,Davis,dunnnathan@example.net,West Andrewport,2026-05-07 19:28:07.810
35,Kelly,White,ihernandez@example.net,Scottmouth,2026-05-07 19:28:07.813
36,Amanda,Duffy,janice73@example.net,Jaredland,2026-05-07 19:28:07.820
37,Ricky,Howell,pfrank@example.net,Andreaton,2026-05-07 19:28:07.823
38,Jared,Henry,ocook@example.com,Terryside,2026-05-07 19:28:07.830
39,Austin,Davis,dmiddleton@example.org,South Anne,2026-05-07 19:28:07.833
40,Cindy,Michael,masonelizabeth@example.net,Lake Crystal,2026-05-07 19:28:07.840
41,Christian,Rice,doylewilliam@example.org,Mooreville,2026-05-07 19:28:07.843
42,Jacqueline,Park,andrea65@example.net,East Hectorview,2026-05-07 19:28:07.850
43,Rebecca,Jordan,marvinsanchez@example.com,Port Ashley,2026-05-07 19:28:07.857
44,Cynthia,Rose,wanderson@example.org,Port Brianberg,2026-05-07 19:28:07.860
45,Daniel,Brown,danielsmith@example.org,East Nicolemouth,2026-05-07 19:28:07.867
46,Elijah,Sanchez,zlittle@example.net,West Tammy,2026-05-07 19:28:07.873
47,Ronald,Chan,katie87@example.net,East Brandon,2026-05-07 19:28:07.877
48,Christopher,Russell,stephenhenderson@example.net,Geneshire,2026-05-07 19:28:07.880
49,Samuel,Williams,james96@example.org,Port Michael,2026-05-07 19:28:07.887
50,Toni,Riddle,bianca55@example.com,West Joseph,2026-05-07 19:28:07.890
51,Laura,Suarez,lindacox@example.org,Carterport,2026-05-07 19:28:07.897
52,Julie,Gonzalez,mathewsadam@example.org,New Connorside,2026-05-07 19:28:07.900
53,Daniel,White,sullivanangela@example.com,East Katieton,2026-05-07 19:28:07.907
54,Brandon,Butler,qbowers@example.com,Millerbury,2026-05-07 19:28:07.913
55,Nathan,Garcia,garciamelissa@example.net,North Matthew,2026-05-07 19:28:07.917
56,Tina,Ward,etownsend@example.org,Lake Debra,2026-05-07 19:28:07.923
57,Dalton,Brown,jennifermyers@example.com,Martinezbury,2026-05-07 19:28:07.930
58,Christine,Williams,chapmandean@example.com,Gardnerville,2026-05-07 19:28:07.933
59,Jacob,Howell,aayala@example.org,Bushberg,2026-05-07 19:28:07.940
60,Alejandro,Jordan,changrandall@example.net,Simmonsshire,2026-05-07 19:28:07.947
61,Angela,Deleon,dstein@example.com,Mariaport,2026-05-07 19:28:07.950
62,Allison,Davis,clarkangelica@example.com,Cameronberg,2026-05-07 19:28:07.957
63,Miguel,Johnson,irangel@example.org,Kevinland,2026-05-07 19:28:07.963
64,Peter,Winters,lucasmorgan@example.net,South Steven,2026-05-07 19:28:07.970
65,Autumn,Austin,ericmccoy@example.net,North Jenniferborough,2026-05-07 19:28:07.973
66,Belinda,Stuart,charles65@example.org,Brownport,2026-05-07 19:28:07.980
67,Christopher,Stewart,robertroberts@example.com,West Stephanieborough,2026-05-07 19:28:07.983
68,Abigail,Oliver,george23@example.net,Patriciaside,2026-05-07 19:28:07.987
69,Christina,Olsen,melanietaylor@example.com,Martinezchester,2026-05-07 19:28:07.993
70,Brandi,Cunningham,lauren71@example.net,South Scottberg,2026-05-07 19:28:07.997
71,Harold,Jones,whiteheadtodd@example.com,Fisherport,2026-05-07 19:28:08.000
72,Alisha,Serrano,michael80@example.org,Deborahstad,2026-05-07 19:28:08.007
73,Michael,Brown,robertsalas@example.net,Port Kaitlynshire,2026-05-07 19:28:08.013
74,Jasmine,Parker,stacyavery@example.com,Andreaburgh,2026-05-07 19:28:08.017
75,Lacey,Shah,jjacobs@example.com,Port Nicholas,2026-05-07 19:28:08.020
76,Crystal,Murphy,christopher77@example.net,West Matthew,2026-05-07 19:28:08.023
77,Robert,Ballard,hbarrett@example.com,Maryfurt,2026-05-07 19:28:08.030
78,Brian,Rogers,johnsonchristopher@example.org,Bradleyport,2026-05-07 19:28:08.037
79,Lori,Horton,herreraelizabeth@example.net,North Jeremy,2026-05-07 19:28:08.040
80,Roger,Fields,ynunez@example.org,New Kaylaland,2026-05-07 19:28:08.047
81,Jeremy,King,sue49@example.net,South Susanshire,2026-05-07 19:28:08.050
82,Michael,Wilson,villarrealallison@example.com,New Tarashire,2026-05-07 19:28:08.057
83,Jennifer,Monroe,iayala@example.net,West Amyside,2026-05-07 19:28:08.060
84,Morgan,Nelson,rjackson@example.org,South Sherri,2026-05-07 19:28:08.067
85,Bruce,Neal,hatfieldedward@example.org,Davidsonmouth,2026-05-07 19:28:08.070
86,Andrew,Oliver,nicholas95@example.net,South Matthew,2026-05-07 19:28:08.077
87,Heather,Fox,megan18@example.org,Erikaport,2026-05-07 19:28:08.080
88,Chris,Evans,whitejoshua@example.com,Michellefort,2026-05-07 19:28:08.083
89,Heather,Donovan,ashleywright@example.com,Holmesland,2026-05-07 19:28:08.090
90,Robert,Smith,james92@example.com,Mooreview,2026-05-07 19:28:08.097
91,Bradley,Hicks,brandtkristina@example.com,West Carolbury,2026-05-07 19:28:08.103
92,Christian,Allen,yrodriguez@example.com,Port Rebecca,2026-05-07 19:28:08.110
93,Justin,Anderson,emily35@example.com,Jacobsbury,2026-05-07 19:28:08.113
94,Angela,Singh,douglashood@example.com,Brandonbury,2026-05-07 19:28:08.120
95,Richard,Nunez,evanskarla@example.org,Marychester,2026-05-07 19:28:08.127
96,Charles,Chambers,blackwellandrew@example.com,Tracyland,2026-05-07 19:28:08.130
97,Elizabeth,May,pclark@example.org,South Brandon,2026-05-07 19:28:08.137
98,Zachary,Schultz,stephen61@example.com,North Shari,2026-05-07 19:28:08.140
99,Luke,Diaz,vbooth@example.net,Timothyfurt,2026-05-07 19:28:08.143
100,Carol,Joseph,melissamaldonado@example.com,Lake Joshuaburgh,2026-05-07 19:28:08.150
101,Daniel,Scott,pollardmichael@example.com,Jasonstad,2026-05-07 19:28:10.170
102,Amanda,Tucker,rferrell@example.net,Lake Stephanie,2026-05-07 19:28:10.180
103,Kimberly,Avery,mcbridecameron@example.org,Jasminebury,2026-05-07 19:28:10.183
104,Sharon,Brown,agriffith@example.net,New Samanthaview,2026-05-07 19:28:10.190
105,Mathew,Vaughn,hendricksmichael@example.net,West Laurie,2026-05-07 19:28:10.197
106,Derrick,Jordan,valdezwilliam@example.org,Johnburgh,2026-05-07 19:28:10.203
107,Colleen,Deleon,megan03@example.org,Kellyside,2026-05-07 19:28:10.210
108,Rebecca,Sparks,melissasanders@example.org,Robertport,2026-05-07 19:28:10.217
109,Jasmine,Cole,timothyanderson@example.com,Lake Brian,2026-05-07 19:28:10.223
110,Alicia,Wilkerson,nwilson@example.net,Port Jennifer,2026-05-07 19:28:10.230
111,Emily,Young,ipatel@example.org,Tiffanymouth,2026-05-07 19:28:10.240
112,Tommy,Silva,timothyfoster@example.com,Port Karina,2026-05-07 19:28:10.247
113,Andrea,Schroeder,curtis41@example.com,Lake Danielstad,2026-05-07 19:28:10.253
114,Kayla,Nelson,eric81@example.net,Adrianaberg,2026-05-07 19:28:10.260
115,Kelly,Oneill,sarah07@example.org,Port Robertstad,2026-05-07 19:28:10.270
116,Gabriel,Werner,michaelalvarez@example.org,Williamsburgh,2026-05-07 19:28:10.277
117,Daryl,Cook,cainpatricia@example.org,South James,2026-05-07 19:28:10.287
118,Heather,Pace,qgarcia@example.net,Peggyhaven,2026-05-07 19:28:10.293
119,Spencer,Bradford,xyoung@example.net,West Timothy,2026-05-07 19:28:10.303
120,Anthony,Rios,kenneth71@example.net,Martinhaven,2026-05-07 19:28:10.310
121,Joshua,Barrett,ireese@example.org,New Kevinborough,2026-05-07 19:28:10.320
122,Samantha,Parker,hensleyrobert@example.com,Port Ryanland,2026-05-07 19:28:10.330
123,Joanna,Sheppard,aliciawilson@example.net,North Andreahaven,2026-05-07 19:28:10.340
124,Corey,Wang,shelly68@example.com,West Zacharystad,2026-05-07 19:28:10.347
125,Andrea,Miller,garzapeggy@example.net,East Gregory,2026-05-07 19:28:10.353
126,Gary,Mckay,scott66@example.com,Stephanieton,2026-05-07 19:28:10.363
127,James,Martinez,qhernandez@example.net,New Paul,2026-05-07 19:28:10.370
128,Mallory,Perez,brianschwartz@example.com,North Sandra,2026-05-07 19:28:10.380
129,Kelly,Williams,pnielsen@example.org,Fullerville,2026-05-07 19:28:10.383
130,Brandon,Torres,eric45@example.com,Murphymouth,2026-05-07 19:28:10.393
131,Russell,Hogan,wesleybray@example.org,Sharonhaven,2026-05-07 19:28:10.400
132,Trevor,Mueller,georgeclinton@example.net,Donnaborough,2026-05-07 19:28:10.410
133,Kathleen,Brown,jeffreymartin@example.com,Wilsonstad,2026-05-07 19:28:10.417
134,Mitchell,Berry,leeheather@example.net,Mariabury,2026-05-07 19:28:10.430
135,Valerie,Hill,barbarasaunders@example.net,Alyssaview,2026-05-07 19:28:10.437
136,David,Porter,jonathanhaley@example.net,Port Christopherport,2026-05-07 19:28:10.447
137,Monica,Schmidt,rpotter@example.com,Janicehaven,2026-05-07 19:28:10.453
138,Ana,Prince,xmarshall@example.org,Lynchchester,2026-05-07 19:28:10.460
139,Daniel,Padilla,adamsaaron@example.com,New Morgan,2026-05-07 19:28:10.467
140,Lauren,Kim,emilywilson@example.com,South Monique,2026-05-07 19:28:10.473
141,Rachel,Murphy,khughes@example.com,South Michael,2026-05-07 19:28:10.480
142,Terri,Parrish,wleon@example.org,South Donnaside,2026-05-07 19:28:10.490
143,Michael,Huber,larrybell@example.net,Jeremiahtown,2026-05-07 19:28:10.497
144,Marilyn,Sullivan,alfredsmith@example.org,Matthewtown,2026-05-07 19:28:10.507
145,Bryce,Miller,kaitlinfreeman@example.net,Amandaside,2026-05-07 19:28:10.513
146,Karen,Klein,powellveronica@example.net,Port Debbiehaven,2026-05-07 19:28:10.520
147,Chad,Bell,erinabbott@example.org,Rodriguezmouth,2026-05-07 19:28:10.527
148,Barry,Riley,carrillodiana@example.org,Port Margaretview,2026-05-07 19:28:10.533
149,Teresa,Hudson,thomastracy@example.com,New Zachary,2026-05-07 19:28:10.540
150,David,Stevens,johndavis@example.org,New Toddchester,2026-05-07 19:28:10.547
151,Marvin,Brown,brandon81@example.net,Port Victoriaside,2026-05-07 19:28:10.553
152,Brandon,Baker,clarkrachel@example.com,Lauraton,2026-05-07 19:28:10.563
153,Gabriel,Thomas,kimberlyrodriguez@example.net,Gutierrezmouth,2026-05-07 19:28:10.570
154,Brandi,Wilson,blackwelldaniel@example.com,Port Brian,2026-05-07 19:28:10.577
155,Benjamin,Jones,thomasmichelle@example.org,Gregorychester,2026-05-07 19:28:10.587
156,Kathleen,Mcdonald,michelemoran@example.org,Thomasfurt,2026-05-07 19:28:10.593
157,Brittany,Mendoza,angelabennett@example.com,Ryanhaven,2026-05-07 19:28:10.600
158,Amber,Coleman,justinjohnson@example.com,Jimenezview,2026-05-07 19:28:10.610
159,Brian,Stone,melissamartin@example.com,Deanville,2026-05-07 19:28:10.617
160,Theodore,Smith,gibsonsharon@example.org,South Nathan,2026-05-07 19:28:10.623
161,Kimberly,Smith,rspencer@example.com,East Roy,2026-05-07 19:28:10.630
162,John,Fleming,jose02@example.com,South Kimfort,2026-05-07 19:28:10.640
163,Kaylee,Richardson,emily22@example.net,Brewermouth,2026-05-07 19:28:10.647
164,Emily,Wolf,judysosa@example.com,Bellburgh,2026-05-07 19:28:10.657
165,Alejandra,Huang,lopezkellie@example.com,South Lauraport,2026-05-07 19:28:10.667
166,Frederick,Decker,gilesjonathan@example.com,Jackland,2026-05-07 19:28:10.673
167,Cindy,Fitzgerald,nicole78@example.com,Port Williamton,2026-05-07 19:28:10.680
168,Charles,Ortega,greenmarcus@example.org,West Eddieside,2026-05-07 19:28:10.687
169,Rachel,Patel,smithgina@example.net,Gabriellemouth,2026-05-07 19:28:10.693
170,Christina,Ayala,jane93@example.com,New Derrickfurt,2026-05-07 19:28:10.700
171,James,Doyle,tammy44@example.org,Andrewton,2026-05-07 19:28:10.710
172,Brian,Fischer,michellelowery@example.org,East Robertbury,2026-05-07 19:28:10.720
173,Matthew,Taylor,hphillips@example.org,Allenfurt,2026-05-07 19:28:10.723
174,Nathan,Meyer,rpark@example.com,Dixonfort,2026-05-07 19:28:10.733
175,David,Taylor,danielrocha@example.net,Pruittfort,2026-05-07 19:28:10.740
176,Henry,Page,jgarcia@example.com,West Anthony,2026-05-07 19:28:10.750
177,Brittany,Terry,hoodthomas@example.com,Johnsonberg,2026-05-07 19:28:10.757
178,Joseph,Gibbs,margaret25@example.org,Coxstad,2026-05-07 19:28:10.767
179,Eric,Finley,timothycannon@example.com,New Kristen,2026-05-07 19:28:10.773
180,Michelle,Cortez,heather19@example.org,Christinatown,2026-05-07 19:28:10.783
181,Lisa,Bishop,clarkjamie@example.org,Jonathanland,2026-05-07 19:28:10.790
182,Jennifer,Cobb,josephnorton@example.com,Oconnellview,2026-05-07 19:28:10.800
183,Justin,Esparza,jonathangallegos@example.net,Brewerstad,2026-05-07 19:28:10.807
184,Danny,Parker,xmeadows@example.net,New Johnmouth,2026-05-07 19:28:10.810
185,Aaron,Jackson,vsmith@example.org,Camposmouth,2026-05-07 19:28:10.820
186,Elizabeth,Rogers,joshuagreene@example.org,North Thomas,2026-05-07 19:28:10.823
187,Shane,Freeman,jacquelinetorres@example.net,South Karlaborough,2026-05-07 19:28:10.830
188,Sarah,Newton,joseph37@example.org,Deniseshire,2026-05-07 19:28:10.837
189,April,Allen,richard80@example.com,Herringchester,2026-05-07 19:28:10.840
190,Andrea,Wright,rdawson@example.com,East Ernestville,2026-05-07 19:28:10.847
191,Diana,Miles,rhondajones@example.net,Robertsfurt,2026-05-07 19:28:10.853
192,Darren,Bird,jacksonmary@example.net,Rodriguezland,2026-05-07 19:28:10.863
193,Kyle,Nixon,jennifergonzalez@example.org,New Stephenberg,2026-05-07 19:28:10.870
194,Alyssa,Archer,chris45@example.org,Melanieview,2026-05-07 19:28:10.877
195,David,Ortiz,michael06@example.org,Port Patrickfort,2026-05-07 19:28:10.887
196,Alexis,Rodriguez,jessica11@example.org,Youngchester,2026-05-07 19:28:10.893
197,Ryan,Trujillo,ostewart@example.org,Antoniomouth,2026-05-07 19:28:10.903
198,Rachel,Brown,andrewhill@example.net,Taylorhaven,2026-05-07 19:28:10.913
199,Kendra,Martinez,penningtonjulia@example.org,Rebeccafort,2026-05-07 19:28:10.923
200,Luke,Knox,robertjones@example.net,Brewerview,2026-05-07 19:28:10.930
201,Jeffrey,Morton,michaelcruz@example.com,South Timothy,2026-05-07 19:28:12.950
202,Jason,Hayden,yvonnewilliams@example.net,Annamouth,2026-05-07 19:28:12.967
203,Deborah,Reynolds,cynthia98@example.net,Gallegosland,2026-05-07 19:28:12.983
204,Kim,Berry,smallfernando@example.com,Franklinview,2026-05-07 19:28:13.000
205,Mark,Elliott,connerjody@example.net,North Martinville,2026-05-07 19:28:13.013
206,Jessica,Mejia,yevans@example.com,Christianfort,2026-05-07 19:28:13.027
207,Jennifer,Rowe,obriendaniel@example.com,Christopherberg,2026-05-07 19:28:13.037
208,Alexander,Brown,jeffery88@example.org,West Robert,2026-05-07 19:28:13.050
209,Jane,Roberts,caldwellamber@example.org,Jenkinsberg,2026-05-07 19:28:13.060
210,Hannah,Matthews,kyle88@example.com,Angelaburgh,2026-05-07 19:28:13.067
211,Dylan,Coleman,pbruce@example.com,Brownbury,2026-05-07 19:28:13.073
212,Jeremy,Lewis,marissa58@example.org,North Charlesberg,2026-05-07 19:28:13.077
213,Julie,Austin,mathissarah@example.com,East Richardport,2026-05-07 19:28:13.083
214,Ryan,Harrison,daviseric@example.com,Dylanport,2026-05-07 19:28:13.090
215,Christopher,Kennedy,mooretravis@example.com,East Richardland,2026-05-07 19:28:13.100
216,Kathryn,Heath,cortezjohn@example.org,Christinemouth,2026-05-07 19:28:13.103
217,Gina,Allen,tiffany91@example.com,Lewisland,2026-05-07 19:28:13.110
218,Kelsey,Higgins,nthompson@example.net,Lake Michaelbury,2026-05-07 19:28:13.113
219,Virginia,Moreno,amy32@example.com,West Erika,2026-05-07 19:28:13.120
220,Phillip,Mason,walkerholly@example.org,Richardmouth,2026-05-07 19:28:13.123
221,Melissa,Nguyen,alvarezjustin@example.net,Port Chelsea,2026-05-07 19:28:13.127
222,Julie,Duncan,christopher54@example.com,South Sabrinaborough,2026-05-07 19:28:13.133
223,William,Norman,tina79@example.org,East Stephanieview,2026-05-07 19:28:13.140
224,Eric,Ballard,sweeneynicholas@example.com,Lake Charles,2026-05-07 19:28:13.143
225,James,Meadows,kyle06@example.net,Port Scotttown,2026-05-07 19:28:13.150
226,Paula,Johnson,jennifer43@example.com,East Susan,2026-05-07 19:28:13.153
227,Charles,Bowman,pauloneill@example.org,Benitezport,2026-05-07 19:28:13.160
228,Deborah,Savage,awhite@example.com,Lake Matthew,2026-05-07 19:28:13.163
229,James,Davila,clarkesusan@example.com,Smithstad,2026-05-07 19:28:13.170
230,Samantha,Le,rhughes@example.org,East Arthurbury,2026-05-07 19:28:13.173
231,Erica,Jackson,mario43@example.com,South Francisco,2026-05-07 19:28:13.180
232,Jacob,Munoz,wernerraymond@example.com,New Ana,2026-05-07 19:28:13.183
233,Tonya,Acevedo,justin16@example.net,Melissaville,2026-05-07 19:28:13.190
234,Amber,Taylor,joshuadelgado@example.org,Brownmouth,2026-05-07 19:28:13.197
235,Heather,Williamson,nathanhobbs@example.com,Sarahview,2026-05-07 19:28:13.200
236,Jeffrey,Walker,xstrickland@example.org,Cooperfurt,2026-05-07 19:28:13.207
237,Chelsea,Underwood,waltoneric@example.com,Lake Daniellefort,2026-05-07 19:28:13.213
238,Kathryn,Simon,alyssacooper@example.com,North Melissa,2026-05-07 19:28:13.217
239,Julia,Brooks,sschmidt@example.net,Lake Bernardland,2026-05-07 19:28:13.223
240,Harold,Ramirez,mthomas@example.com,Lake Johnton,2026-05-07 19:28:13.230
241,Tara,Shaw,sperez@example.net,Port Daniel,2026-05-07 19:28:13.233
242,Karen,Hodges,wburke@example.org,Jesseside,2026-05-07 19:28:13.237
243,Andrew,Thompson,wandakennedy@example.org,New Jill,2026-05-07 19:28:13.243
244,Jerry,Glover,carolyn54@example.com,South Samanthaland,2026-05-07 19:28:13.250
245,Ana,Hernandez,andrea54@example.com,Ericville,2026-05-07 19:28:13.253
246,Kenneth,Townsend,mwilson@example.net,Hallhaven,2026-05-07 19:28:13.257
247,Paul,Knight,jessicamaddox@example.org,Marcberg,2026-05-07 19:28:13.260
248,Karen,Stark,idixon@example.net,East Andrewshire,2026-05-07 19:28:13.267
249,Jonathan,Wong,thomasmccormick@example.org,North Hannah,2026-05-07 19:28:13.273
250,Victoria,Brown,gainesdean@example.org,South Bryan,2026-05-07 19:28:13.277
251,Michael,Walker,bradleyheather@example.org,North Stephanie,2026-05-07 19:28:13.283
252,Amber,Nguyen,gadams@example.net,Carrollland,2026-05-07 19:28:13.287
253,Christina,Willis,loganashley@example.org,Kylechester,2026-05-07 19:28:13.290
254,Russell,Adams,evanbradley@example.org,West Jennifershire,2026-05-07 19:28:13.297
255,Christian,Goodwin,ellistanya@example.org,Harrisport,2026-05-07 19:28:13.300
256,Tamara,Jones,anthonywalsh@example.org,Ryanton,2026-05-07 19:28:13.307
257,Renee,Santana,mccartythomas@example.org,North Thomas,2026-05-07 19:28:13.310
258,Donna,Hansen,sramirez@example.org,East Erin,2026-05-07 19:28:13.317
259,Deborah,Strong,bjohnson@example.org,South Aprilchester,2026-05-07 19:28:13.320
260,Steven,Price,butlerdanielle@example.net,New James,2026-05-07 19:28:13.323
261,William,Wheeler,iscott@example.com,Martinfurt,2026-05-07 19:28:13.330
262,Christine,Todd,anthony92@example.com,Port Lukeburgh,2026-05-07 19:28:13.337
263,Jeff,Johnson,robertstevens@example.net,New Donaldmouth,2026-05-07 19:28:13.340
264,Michele,Mccann,angelacook@example.net,New Kennethview,2026-05-07 19:28:13.347
265,Krista,Charles,phillipsjasmin@example.org,Cliffordview,2026-05-07 19:28:13.350
266,Alexander,Gaines,jacquelineharris@example.org,New Christopher,2026-05-07 19:28:13.357
267,Jill,Johnson,christensenmary@example.org,North Saratown,2026-05-07 19:28:13.363
268,Brian,Jensen,crystalwilliams@example.com,South Carlos,2026-05-07 19:28:13.367
269,Paul,Schroeder,michaelcarter@example.com,Alvarezfurt,2026-05-07 19:28:13.373
270,Jeffery,Hartman,ricechristopher@example.com,South Erikaside,2026-05-07 19:28:13.377
271,Kenneth,King,terriharris@example.org,South Michelleton,2026-05-07 19:28:13.380
272,Steven,Patel,susanallen@example.org,Lake Andrew,2026-05-07 19:28:13.387
273,Steven,Murray,ygilbert@example.net,South Jamesside,2026-05-07 19:28:13.390
274,Derrick,Phelps,julie70@example.net,West Christopherbury,2026-05-07 19:28:13.393
275,Michael,Jones,cody70@example.com,New Jacob,2026-05-07 19:28:13.400
276,Luis,Craig,pjacobs@example.com,North Amy,2026-05-07 19:28:13.403
277,Kathryn,Garcia,teresa85@example.org,Lisaborough,2026-05-07 19:28:13.407
278,Michael,Fleming,makayla03@example.net,Port Jennifer,2026-05-07 19:28:13.413
279,Jasmine,Lloyd,emitchell@example.com,Arroyohaven,2026-05-07 19:28:13.417
280,Madeline,Ellis,nfields@example.org,Harrisland,2026-05-07 19:28:13.420
281,Vanessa,Ramirez,dominguezcaitlin@example.org,Kennethview,2026-05-07 19:28:13.423
282,Michael,Olson,millerjoseph@example.org,East Davidbury,2026-05-07 19:28:13.430
283,Victoria,Johnson,smithstephanie@example.org,Vincenttown,2026-05-07 19:28:13.437
284,Richard,Meyer,michaellisa@example.net,Cooperfort,2026-05-07 19:28:13.440
285,Ronald,Boyd,oclayton@example.org,Goodport,2026-05-07 19:28:13.447
286,Patrick,Jones,calvin57@example.com,Tonyside,2026-05-07 19:28:13.450
287,Matthew,Larson,rebecca97@example.net,Karenfort,2026-05-07 19:28:13.453
288,Marcus,Poole,bobbybennett@example.net,North Carltown,2026-05-07 19:28:13.460
289,Brian,Elliott,gina90@example.com,New Carlos,2026-05-07 19:28:13.467
290,Alicia,King,molly54@example.org,East Sandra,2026-05-07 19:28:13.470
291,Cody,Horn,joshuamedina@example.com,Lake Michael,2026-05-07 19:28:13.477
292,Madison,Watson,autumn99@example.net,Port Taylor,2026-05-07 19:28:13.480
293,Ashley,Simpson,jay60@example.net,East Adamport,2026-05-07 19:28:13.483
294,Jessica,Shelton,yolanda51@example.org,South Robert,2026-05-07 19:28:13.490
295,Marcus,Schneider,darrenmanning@example.org,North Brandon,2026-05-07 19:28:13.493
296,Leslie,Erickson,richardmiller@example.com,Jonesfort,2026-05-07 19:28:13.497
297,Thomas,Torres,nicholasramos@example.com,South Steven,2026-05-07 19:28:13.503
298,Tammy,Cohen,vsmith@example.org,Port Glenn,2026-05-07 19:28:13.507
299,Megan,Mason,wsolis@example.org,North Ryan,2026-05-07 19:28:13.510
300,Stuart,Snyder,stevenmcdonald@example.org,Thomasport,2026-05-07 19:28:13.517
301,Tiffany,Green,danielleneal@example.com,Susanborough,2026-05-07 19:28:15.530
302,Dalton,Thompson,david87@example.org,Torreshaven,2026-05-07 19:28:15.543
303,Charles,Davis,ayalasheila@example.com,Burgessside,2026-05-07 19:28:15.553
304,Brian,Brown,bakerfernando@example.net,Hallview,2026-05-07 19:28:15.560
305,Kelly,Garcia,rjackson@example.net,Jimenezfurt,2026-05-07 19:28:15.570
306,Kim,Thomas,howelllarry@example.com,East Wendyborough,2026-05-07 19:28:15.580
307,David,Lee,jenniferolson@example.org,Longberg,2026-05-07 19:28:15.593
308,Heather,Santiago,upalmer@example.net,Lake Kristina,2026-05-07 19:28:15.603
309,Tyler,Nguyen,lchoi@example.com,North Loriburgh,2026-05-07 19:28:15.617
310,Heather,Hoffman,catherineayala@example.com,Rollinsmouth,2026-05-07 19:28:15.627
311,Samuel,Jones,muellerjason@example.org,Port Adamberg,2026-05-07 19:28:15.640
312,Jimmy,Walker,asheppard@example.com,Robertmouth,2026-05-07 19:28:15.650
313,Dennis,Estrada,ifreeman@example.net,East Shannon,2026-05-07 19:28:15.663
314,Tiffany,Juarez,knightbriana@example.com,New Laurabury,2026-05-07 19:28:15.677
315,Robert,Walker,duane55@example.net,Derrickshire,2026-05-07 19:28:15.690
316,Brandon,Elliott,amberdixon@example.org,Johnsonton,2026-05-07 19:28:15.700
317,Corey,Evans,boylejohn@example.com,Karaside,2026-05-07 19:28:15.710
318,Michelle,Herring,fgutierrez@example.net,Roseton,2026-05-07 19:28:15.720
319,Sarah,Reese,sperry@example.net,Chelsealand,2026-05-07 19:28:15.730
320,Robert,Monroe,susan03@example.net,New Kevinfort,2026-05-07 19:28:15.740
321,Tammy,Whitehead,lisa67@example.com,South Jason,2026-05-07 19:28:15.750
322,Bob,Williams,zcardenas@example.net,Garymouth,2026-05-07 19:28:15.760
323,Miguel,Dyer,rickymorgan@example.com,Heatherhaven,2026-05-07 19:28:15.770
324,Joshua,Manning,wgreene@example.net,Courtneystad,2026-05-07 19:28:15.780
325,Kendra,Jordan,alyssahubbard@example.org,Port Davidfurt,2026-05-07 19:28:15.787
326,Martha,Turner,erodriguez@example.net,Elizabethberg,2026-05-07 19:28:15.797
327,Joseph,Carson,lindsaybrown@example.org,Port Kristaport,2026-05-07 19:28:15.803
328,Holly,Graham,brandontaylor@example.com,South Phillip,2026-05-07 19:28:15.813
329,Angela,Anderson,phylliswhite@example.org,West Angieland,2026-05-07 19:28:15.823
330,Tabitha,Welch,higginsdiana@example.com,South Courtney,2026-05-07 19:28:15.833
331,Michael,Arellano,mcgeebrandon@example.net,New Martinport,2026-05-07 19:28:15.840
332,Charlene,Salinas,bakertroy@example.net,Stewartton,2026-05-07 19:28:15.847
333,Jesse,Cuevas,qpope@example.com,Williamchester,2026-05-07 19:28:15.857
334,Charles,Crawford,margaretbauer@example.org,Millerborough,2026-05-07 19:28:15.863
335,Rachel,Marshall,mirandajonathan@example.org,Petersonhaven,2026-05-07 19:28:15.873
336,Benjamin,Anderson,megancampbell@example.net,Klineville,2026-05-07 19:28:15.883
337,Danny,Rosales,vharmon@example.org,Alvinfurt,2026-05-07 19:28:15.890
338,Malik,Robinson,tracysims@example.org,Arnoldburgh,2026-05-07 19:28:15.900
339,Kyle,Hendrix,kellycosta@example.org,Kristenport,2026-05-07 19:28:15.910
340,Sheila,Walker,umorales@example.com,South Melvin,2026-05-07 19:28:15.917
341,Melissa,Delgado,rachel72@example.org,Stevenburgh,2026-05-07 19:28:15.927
342,Steven,Lee,davismichael@example.net,Hardingmouth,2026-05-07 19:28:15.937
343,David,Harris,carloswright@example.org,West Eduardo,2026-05-07 19:28:15.943
344,Matthew,Baker,aliciamiddleton@example.net,West Tami,2026-05-07 19:28:15.953
345,Kathleen,Jordan,carsonbarry@example.net,Perkinsburgh,2026-05-07 19:28:15.957
346,Kaitlin,Williams,natalie34@example.org,New Vernonberg,2026-05-07 19:28:15.963
347,Robert,Graham,hoopermeghan@example.com,Singletonland,2026-05-07 19:28:15.970
348,Megan,Christensen,courtney44@example.net,Jamesville,2026-05-07 19:28:15.977
349,Rachel,Barnes,jessicaanderson@example.org,New Mark,2026-05-07 19:28:15.983
350,Stephen,Chandler,lbrown@example.org,Lake Charles,2026-05-07 19:28:15.990
351,Rhonda,Lowery,vgraham@example.net,Port Teresachester,2026-05-07 19:28:16.000
352,Isaiah,White,hwebb@example.net,Biancaside,2026-05-07 19:28:16.007
353,Jeffrey,Shields,howard35@example.net,Samanthastad,2026-05-07 19:28:16.013
354,Dawn,Nichols,davisalexandra@example.net,Port Trevorburgh,2026-05-07 19:28:16.020
355,David,Phillips,cynthialong@example.net,West Victorburgh,2026-05-07 19:28:16.027
356,Evan,Spencer,lucaswilliams@example.org,East Hannah,2026-05-07 19:28:16.030
357,Edward,Hood,cynthiasmith@example.org,Lake Kylebury,2026-05-07 19:28:16.037
358,Matthew,Mills,payneandrew@example.org,East Stephen,2026-05-07 19:28:16.043
359,Sherry,Macias,davila@example.com,Parksview,2026-05-07 19:28:16.047
360,Jennifer,Mckay,uvargas@example.com,West Douglas,2026-05-07 19:28:16.053
361,Taylor,Ford,michael12@example.net,Kimberlyshire,2026-05-07 19:28:16.060
362,Larry,Brown,jay28@example.org,New Justin,2026-05-07 19:28:16.067
363,Zachary,Davis,juliekramer@example.com,Parkerchester,2026-05-07 19:28:16.073
364,Anthony,Williams,kevin72@example.org,Quinnstad,2026-05-07 19:28:16.080
365,Brian,Miller,connorbennett@example.org,Port Ashley,2026-05-07 19:28:16.087
366,Ashley,Sutton,jennifermccarty@example.org,East Johnmouth,2026-05-07 19:28:16.097
367,Mark,Smith,qhernandez@example.com,Johnsonmouth,2026-05-07 19:28:16.103
368,Patricia,Ballard,jennifer77@example.net,Juanfort,2026-05-07 19:28:16.110
369,Kayla,Johnson,charlesosborne@example.org,East Sharonport,2026-05-07 19:28:16.120
370,Linda,Coleman,rhondacook@example.com,Wellsmouth,2026-05-07 19:28:16.130
371,Regina,Warner,clarklauren@example.net,New Shawna,2026-05-07 19:28:16.137
372,Andrew,Warner,lesliecooper@example.org,Port Brianna,2026-05-07 19:28:16.143
373,Mitchell,Frank,brandonmyers@example.org,Lancemouth,2026-05-07 19:28:16.150
374,Michael,Hoover,jasonmiller@example.net,Lopeztown,2026-05-07 19:28:16.160
375,Sara,Knox,rachelpadilla@example.net,Paulfort,2026-05-07 19:28:16.167
376,John,Baker,william40@example.org,East Ruthchester,2026-05-07 19:28:16.173
377,James,Cruz,blakejames@example.net,New Alexander,2026-05-07 19:28:16.177
378,Martin,Mendez,zsoto@example.org,Smithborough,2026-05-07 19:28:16.187
379,Alyssa,Barber,bryan77@example.com,Debraview,2026-05-07 19:28:16.193
380,Vanessa,Reeves,amcgee@example.org,Larsonbury,2026-05-07 19:28:16.200
381,Kathryn,Hernandez,chenlori@example.net,Lake Janet,2026-05-07 19:28:16.210
382,Edward,Hughes,zcoleman@example.org,Ericshire,2026-05-07 19:28:16.217
383,Darren,Mcmahon,james65@example.org,Janiceland,2026-05-07 19:28:16.220
384,Jason,Powell,jessica48@example.org,New Ryan,2026-05-07 19:28:16.227
385,Valerie,Wong,hoovernancy@example.org,Carpenterfort,2026-05-07 19:28:16.233
386,Laura,Cain,stokeskelly@example.com,West Edwardstad,2026-05-07 19:28:16.243
387,Jeffrey,Robertson,dtorres@example.com,North Nicole,2026-05-07 19:28:16.253
388,Claudia,Gross,zkline@example.com,East Carol,2026-05-07 19:28:16.263
389,Anthony,Fisher,xcampos@example.org,South Carrie,2026-05-07 19:28:16.273
390,Tonya,Anderson,hayneschad@example.net,Brendaborough,2026-05-07 19:28:16.280
391,Scott,Bender,antonioalexander@example.com,Port Mary,2026-05-07 19:28:16.290
392,Heather,Mcdonald,davidreed@example.net,West Theresaburgh,2026-05-07 19:28:16.297
393,David,White,michaelcross@example.net,Angelashire,2026-05-07 19:28:16.307
394,Elizabeth,Ruiz,williamsryan@example.net,Lake Phillip,2026-05-07 19:28:16.313
395,David,Jones,kimberlygonzalez@example.org,Zacharystad,2026-05-07 19:28:16.320
396,Christina,Lopez,randallchristine@example.net,New Tonyland,2026-05-07 19:28:16.327
397,Monica,Scott,richard10@example.com,Philipton,2026-05-07 19:28:16.333
398,Henry,Smith,wortega@example.com,Muellerburgh,2026-05-07 19:28:16.343
399,John,Patrick,perezjoann@example.net,Josephmouth,2026-05-07 19:28:16.350
400,Erin,Day,mcphersonisabella@example.org,Charlesburgh,2026-05-07 19:28:16.357
401,Alison,Reed,vgarrett@example.org,New Lauraville,2026-05-07 19:28:18.383
402,Kristin,Baldwin,herreraalexandria@example.com,Yolandaview,2026-05-07 19:28:18.397
403,Mark,Ward,milleraaron@example.net,North Maria,2026-05-07 19:28:18.413
404,Jon,Baker,llarsen@example.org,West Andrewmouth,2026-05-07 19:28:18.427
405,Kenneth,Gray,timothy02@example.net,Port Stacy,2026-05-07 19:28:18.440
406,Bridget,Lopez,abrown@example.com,Schultzview,2026-05-07 19:28:18.450
407,George,Webb,morgan89@example.com,East Jenny,2026-05-07 19:28:18.463
408,Joseph,Johnson,christopher93@example.org,Jacksonton,2026-05-07 19:28:18.477
409,Nicholas,Gibbs,ncoleman@example.com,Feliciachester,2026-05-07 19:28:18.490
410,Alex,Grimes,denisewaller@example.com,Carolynhaven,2026-05-07 19:28:18.500
411,Derrick,Brown,justinpatton@example.org,Kristinton,2026-05-07 19:28:18.510
412,Jeremy,Wang,michael63@example.com,East Donald,2026-05-07 19:28:18.520
413,Tanya,Cunningham,dlawrence@example.net,West Maria,2026-05-07 19:28:18.530
414,Haley,Silva,lsoto@example.com,Port Jamiechester,2026-05-07 19:28:18.543
415,Vincent,Rivera,hamiltonjason@example.org,Suttonshire,2026-05-07 19:28:18.553
416,Mark,Garcia,shanechang@example.net,Lake Davidshire,2026-05-07 19:28:18.560
417,Tabitha,Waters,ryanmarshall@example.net,Gibsonburgh,2026-05-07 19:28:18.567
418,Phillip,Burke,ronnie20@example.net,West Wendybury,2026-05-07 19:28:18.580
419,Samantha,Hernandez,cory12@example.org,Port Brittanyport,2026-05-07 19:28:18.587
420,Kristin,Wilson,ihill@example.com,Schwartzport,2026-05-07 19:28:18.597
421,Derek,Bean,jonescarl@example.org,South Deannaside,2026-05-07 19:28:18.600
422,Audrey,Carter,rhayes@example.com,North Nancy,2026-05-07 19:28:18.610
423,Michael,Moss,christinadavis@example.com,South Dianestad,2026-05-07 19:28:18.620
424,Samantha,Kirk,lesterandrea@example.com,East Christinafort,2026-05-07 19:28:18.630
425,John,Strickland,ryanpaul@example.org,Sherrichester,2026-05-07 19:28:18.640
426,Lee,Strong,whansen@example.com,Stephaniefurt,2026-05-07 19:28:18.650
427,Jennifer,Moore,angel17@example.org,Hardinton,2026-05-07 19:28:18.660
428,James,Neal,bburton@example.org,Port Kyleborough,2026-05-07 19:28:18.667
429,Stacey,Abbott,whitakerruth@example.org,Jefferyport,2026-05-07 19:28:18.673
430,Ashley,Blevins,jeffery27@example.org,Andrewshire,2026-05-07 19:28:18.683
431,Michelle,Tucker,zachary81@example.com,South Jessica,2026-05-07 19:28:18.690
432,Andrew,Munoz,doris34@example.net,Port Samantha,2026-05-07 19:28:18.700
433,Thomas,Pearson,zimmermanchristine@example.org,East Caitlinville,2026-05-07 19:28:18.710
434,Hannah,Norris,pennysmith@example.net,Emilymouth,2026-05-07 19:28:18.717
435,Wendy,Rios,swansondonald@example.com,North Joseph,2026-05-07 19:28:18.723
436,Bryan,Shaw,pjackson@example.com,Lake Julia,2026-05-07 19:28:18.730
437,Brandon,Gill,drivera@example.org,West Amber,2026-05-07 19:28:18.740
438,Jeremy,Wu,tamarabrown@example.net,Juliamouth,2026-05-07 19:28:18.747
439,Jennifer,Cohen,dennis15@example.org,North Eileen,2026-05-07 19:28:18.757
440,Teresa,Chen,justin79@example.com,Aliciaburgh,2026-05-07 19:28:18.767
441,Jody,Friedman,haley09@example.com,Port Joseph,2026-05-07 19:28:18.773
442,William,Delacruz,damoncastillo@example.org,Richardchester,2026-05-07 19:28:18.783
443,Darryl,Jenkins,kathy46@example.com,Joshuaborough,2026-05-07 19:28:18.793
444,Catherine,Jones,sgardner@example.com,South Jonathanstad,2026-05-07 19:28:18.803
445,Gregory,Cook,vharris@example.com,New Justin,2026-05-07 19:28:18.810
446,Ryan,Gonzales,mmorgan@example.com,Jenniferfort,2026-05-07 19:28:18.820
447,Dakota,Smith,kelly23@example.net,Williamsmouth,2026-05-07 19:28:18.823
448,Jeffrey,Brooks,anthony21@example.net,New Christopher,2026-05-07 19:28:18.830
449,Samuel,Aguirre,robertjones@example.net,South Frederick,2026-05-07 19:28:18.840
450,Jason,Green,bbridges@example.com,East Dianaberg,2026-05-07 19:28:18.847
451,Robyn,Pena,andersonchristopher@example.org,Robinsonville,2026-05-07 19:28:18.853
452,Jeremiah,Baker,jonesmary@example.net,Michaeltown,2026-05-07 19:28:18.860
453,Angela,Greer,donna60@example.org,Moorestad,2026-05-07 19:28:18.867
454,Andrew,Martinez,kylewaters@example.com,Kimville,2026-05-07 19:28:18.873
455,Jennifer,Whitaker,huntpeter@example.net,West Cory,2026-05-07 19:28:18.880
456,Michele,Young,xbeltran@example.org,Randallfort,2026-05-07 19:28:18.887
457,Arthur,King,djones@example.org,Austinhaven,2026-05-07 19:28:18.890
458,Yolanda,Hayes,drichards@example.net,New Robertville,2026-05-07 19:28:18.897
459,Andrew,Phillips,nadams@example.net,East Johnfort,2026-05-07 19:28:18.903
460,Stephanie,Rodriguez,churchandrew@example.com,Samanthachester,2026-05-07 19:28:18.910
461,Kristi,Stewart,tjames@example.com,Mathisfurt,2026-05-07 19:28:18.917
462,Rachel,Watson,abigailchurch@example.net,East Debra,2026-05-07 19:28:18.920
463,Benjamin,Flores,kellermelissa@example.com,New Cory,2026-05-07 19:28:18.927
464,Kathryn,Zavala,fwilson@example.org,West Natalieside,2026-05-07 19:28:18.930
465,Chelsea,Holland,denise13@example.com,West Ryan,2026-05-07 19:28:18.937
466,Richard,Robertson,elizabethclark@example.org,Harrisstad,2026-05-07 19:28:18.940
467,Candice,Moody,vwilson@example.com,Port Mindy,2026-05-07 19:28:18.947
468,William,Meza,megankelly@example.net,Marcusside,2026-05-07 19:28:18.953
469,Anne,Lucas,connorpayne@example.com,Amybury,2026-05-07 19:28:18.957
470,Stacy,Anderson,matthewhernandez@example.com,East Lorifurt,2026-05-07 19:28:18.963
471,Sharon,Allen,michael71@example.com,Lake Edwardborough,2026-05-07 19:28:18.967
472,Samantha,Bridges,maryweber@example.com,Port Lisa,2026-05-07 19:28:18.970
473,Cynthia,Nguyen,heatherhayden@example.com,Kevinmouth,2026-05-07 19:28:18.977
474,Jimmy,Lambert,leejessica@example.com,West Alexandrabury,2026-05-07 19:28:18.983
475,Tiffany,Kim,jasmine75@example.net,Reneeland,2026-05-07 19:28:18.987
476,Megan,Ramirez,jessica52@example.org,Harrisville,2026-05-07 19:28:18.990
477,Shannon,Mathews,aprilbutler@example.com,Marcusfurt,2026-05-07 19:28:18.997
478,Cheryl,Hess,itaylor@example.net,Claytonside,2026-05-07 19:28:19.000
479,James,Young,derrick91@example.net,Richfort,2026-05-07 19:28:19.003
480,Jesse,Garcia,ularson@example.com,Michaelton,2026-05-07 19:28:19.010
481,Christine,Ballard,lauraparsons@example.org,Frazierport,2026-05-07 19:28:19.017
482,Rebecca,Miller,adriankim@example.com,Michaelfurt,2026-05-07 19:28:19.020
483,David,Rogers,tylernichols@example.org,Lake Ryan,2026-05-07 19:28:19.023
484,David,Jimenez,ivansullivan@example.org,Jonesmouth,2026-05-07 19:28:19.030
485,Sean,Garcia,jhayes@example.com,Justinchester,2026-05-07 19:28:19.033
486,Jeffrey,Cook,badams@example.org,Rebeccaside,2026-05-07 19:28:19.040
487,Kenneth,Rasmussen,mbarnes@example.com,Stephanieborough,2026-05-07 19:28:19.043
488,Samantha,Hill,shermanabigail@example.net,Wattsborough,2026-05-07 19:28:19.047
489,Kurt,Case,paulherrera@example.net,Carterburgh,2026-05-07 19:28:19.050
490,Christopher,Lewis,jcollins@example.org,Markberg,2026-05-07 19:28:19.057
491,Austin,Kane,vdiaz@example.org,Port Joanne,2026-05-07 19:28:19.060
492,Peter,Scott,christina54@example.com,West Sara,2026-05-07 19:28:19.067
493,Vanessa,Goodman,jamesphillips@example.org,West Kaylee,2026-05-07 19:28:19.073
494,Sara,Rodriguez,jonathanyoung@example.org,Vegaport,2026-05-07 19:28:19.077
495,Paula,Thompson,brittanywilliams@example.com,Jasminebury,2026-05-07 19:28:19.080
496,Robin,Ramos,dawnwright@example.net,Brittanyside,2026-05-07 19:28:19.087
497,Melissa,Mitchell,nicole61@example.com,West Michaelland,2026-05-07 19:28:19.090
498,Lance,Stewart,smithanita@example.com,Garnerview,2026-05-07 19:28:19.093
499,Kimberly,Sanchez,mossjames@example.org,Hallside,2026-05-07 19:28:19.097
500,Thomas,Owens,medwards@example.org,East Sally,2026-05-07 19:28:19.100
501,Katherine,Rivera,bharris@example.com,Johnnyfurt,2026-05-07 19:28:21.120
502,Alison,Johnson,johnsonbruce@example.org,Sheilatown,2026-05-07 19:28:21.133
503,Richard,Walker,whoward@example.net,Lake Johnnyhaven,2026-05-07 19:28:21.143
504,Melissa,Wheeler,ggarcia@example.net,Escobarshire,2026-05-07 19:28:21.160
505,Courtney,Sims,richardhernandez@example.net,Christopherville,2026-05-07 19:28:21.170
506,Jennifer,Young,markscott@example.com,Tannerview,2026-05-07 19:28:21.180
507,Kimberly,Carey,richardsonaustin@example.net,Lake Jeremyland,2026-05-07 19:28:21.190
508,Michelle,Ellison,miranda53@example.org,East Chelsea,2026-05-07 19:28:21.197
509,Tiffany,Robbins,vweaver@example.com,Laurenfurt,2026-05-07 19:28:21.200
510,Douglas,Bradley,javier06@example.org,South Stevenberg,2026-05-07 19:28:21.207
511,Kenneth,Frank,mmiller@example.org,Davishaven,2026-05-07 19:28:21.213
512,Kim,Gross,briansmith@example.org,South Kimberlystad,2026-05-07 19:28:21.220
513,Corey,Lopez,amanda48@example.net,Taylorstad,2026-05-07 19:28:21.223
514,Angela,Douglas,kbrooks@example.net,Littlefort,2026-05-07 19:28:21.230
515,Elizabeth,Zhang,edwardsdanielle@example.org,Port Patriciastad,2026-05-07 19:28:21.237
516,Michael,Nguyen,teresa55@example.net,South Jordan,2026-05-07 19:28:21.240
517,Brian,Schultz,huertamolly@example.com,South Alexaport,2026-05-07 19:28:21.243
518,Mary,Williams,troyjordan@example.net,Pamelaburgh,2026-05-07 19:28:21.250
519,Chad,Thomas,james96@example.com,North Wayneland,2026-05-07 19:28:21.257
520,Jessica,Kim,christian63@example.net,North Markport,2026-05-07 19:28:21.260
521,Lori,Randall,pricebrendan@example.com,Port Markhaven,2026-05-07 19:28:21.263
522,Curtis,Wall,echung@example.org,New Jeffrey,2026-05-07 19:28:21.270
523,Anthony,Foster,christopher94@example.com,Campbellberg,2026-05-07 19:28:21.273
524,Ruben,Knapp,millerkathleen@example.net,Lake Jeffrey,2026-05-07 19:28:21.277
525,Derrick,White,herringbrad@example.com,Kramerfort,2026-05-07 19:28:21.280
526,Emily,Stokes,tbass@example.org,Lake Joshua,2026-05-07 19:28:21.283
527,William,Wallace,maryhardin@example.com,Garciaville,2026-05-07 19:28:21.290
528,Anthony,Mcdonald,changcharles@example.org,Clayberg,2026-05-07 19:28:21.293
529,Carmen,Williams,zachary14@example.net,Port Sonyaland,2026-05-07 19:28:21.300
530,Reginald,Gonzalez,brownraymond@example.net,Lake James,2026-05-07 19:28:21.307
531,Brandi,Espinoza,stephen27@example.net,Carlostown,2026-05-07 19:28:21.310
532,Amanda,Figueroa,kevinchang@example.com,Howemouth,2026-05-07 19:28:21.317
533,Isaac,Gilbert,heather50@example.com,West Alexander,2026-05-07 19:28:21.320
534,Todd,Tapia,davidhansen@example.net,Lindsaybury,2026-05-07 19:28:21.327
535,Melissa,Schultz,asmith@example.net,New Lisa,2026-05-07 19:28:21.330
536,Troy,Rodriguez,timothyhoover@example.com,North Antonio,2026-05-07 19:28:21.337
537,Mark,Mcfarland,acostanancy@example.org,Jenniferland,2026-05-07 19:28:21.343
538,Ray,Hammond,jason41@example.com,North Olivia,2026-05-07 19:28:21.350
539,Alicia,Mann,qpaul@example.com,Thomasmouth,2026-05-07 19:28:21.350
540,Bryan,Wells,pricemartin@example.com,Port Daniel,2026-05-07 19:28:21.357
541,Edward,Cain,ortizhenry@example.com,Patrickchester,2026-05-07 19:28:21.363
542,Brian,Hamilton,josephspencer@example.net,Owenchester,2026-05-07 19:28:21.370
543,Shirley,Thomas,johnsoncurtis@example.net,Claytonhaven,2026-05-07 19:28:21.373
544,Jason,Smith,carrie69@example.org,South Juanshire,2026-05-07 19:28:21.380
545,Danielle,House,fishersergio@example.org,Jennifershire,2026-05-07 19:28:21.387
546,Alyssa,Castaneda,kylemeyer@example.net,Juanshire,2026-05-07 19:28:21.390
547,Katie,Jackson,christopher99@example.org,Lake Malloryland,2026-05-07 19:28:21.397
548,Michael,Cole,curtis31@example.com,Hillhaven,2026-05-07 19:28:21.403
549,Christine,Moore,ischultz@example.org,East Shelleytown,2026-05-07 19:28:21.410
550,Pamela,Smith,mariarichardson@example.com,Graveshaven,2026-05-07 19:28:21.413
551,Jacob,Lowery,carla46@example.org,North Sharon,2026-05-07 19:28:21.420
552,Albert,Jenkins,opierce@example.org,East Williamfurt,2026-05-07 19:28:21.427
553,John,Reilly,christopherguerrero@example.com,East Steventon,2026-05-07 19:28:21.430
554,Andrew,Mays,ljohnston@example.com,Deanside,2026-05-07 19:28:21.440
555,Penny,Bennett,lisa62@example.net,Scottside,2026-05-07 19:28:21.443
556,Kristin,Odonnell,bradleyjohn@example.com,Peggyfort,2026-05-07 19:28:21.447
557,Gregory,Trujillo,andrea96@example.net,Port Ashleyview,2026-05-07 19:28:21.453
558,Alexandria,Chambers,david12@example.org,North Ashleyview,2026-05-07 19:28:21.457
559,Brandon,Cunningham,jennifer34@example.net,Hendersonhaven,2026-05-07 19:28:21.460
560,Jimmy,Zimmerman,curtisamber@example.com,Natashaborough,2026-05-07 19:28:21.470
561,Julie,Skinner,jefferydavis@example.net,Lake Deborah,2026-05-07 19:28:21.477
562,Bradley,Jones,rebekahpowell@example.net,North Ryanchester,2026-05-07 19:28:21.483
563,Elizabeth,Ortiz,shannonhuang@example.org,East Christine,2026-05-07 19:28:21.490
564,Jessica,Chase,kerrtrevor@example.com,Sophiaburgh,2026-05-07 19:28:21.493
565,Jamie,Mayer,christineguerra@example.org,Tinastad,2026-05-07 19:28:21.503
566,Brooke,Arnold,dcobb@example.com,New Davidhaven,2026-05-07 19:28:21.510
567,Stephanie,Pierce,bakerlori@example.net,South Pamelafurt,2026-05-07 19:28:21.517
568,Karen,Caldwell,krystalnelson@example.org,Alvaradoshire,2026-05-07 19:28:21.523
569,Robin,Martin,gary47@example.net,Ginashire,2026-05-07 19:28:21.530
570,Jamie,Vega,codyshields@example.net,Hernandezville,2026-05-07 19:28:21.537
571,Charles,Garcia,tracy99@example.net,South Ericaport,2026-05-07 19:28:21.543
572,Steven,Wilson,aliciasmith@example.org,South Carolyn,2026-05-07 19:28:21.550
573,Angela,Guzman,elizabethbauer@example.net,North Michael,2026-05-07 19:28:21.553
574,Elizabeth,Houston,cherylchapman@example.org,Allenmouth,2026-05-07 19:28:21.560
575,Michael,Cervantes,vasquezandrew@example.net,Juliefort,2026-05-07 19:28:21.567
576,Darryl,Acosta,valeriecastillo@example.org,Johnfort,2026-05-07 19:28:21.570
577,Amanda,Martinez,hmclaughlin@example.org,Jeffreyfurt,2026-05-07 19:28:21.577
578,Claudia,Ward,robert86@example.com,West Brian,2026-05-07 19:28:21.580
579,Michael,Tyler,janetedwards@example.com,Lake Ronald,2026-05-07 19:28:21.587
580,Jamie,Simmons,gloriawatson@example.com,Jeremyfurt,2026-05-07 19:28:21.590
581,Christopher,Stuart,oturner@example.org,Alejandroland,2026-05-07 19:28:21.597
582,Anna,Austin,william33@example.org,Jasonburgh,2026-05-07 19:28:21.600
583,Nicole,Smith,jillgamble@example.com,Loristad,2026-05-07 19:28:21.607
584,John,Walker,fosterbrian@example.net,North April,2026-05-07 19:28:21.610
585,Sally,Ross,pwilson@example.com,Cindyside,2026-05-07 19:28:21.617
586,Valerie,Taylor,omiller@example.net,Lake Garyfurt,2026-05-07 19:28:21.623
587,Hayley,Smith,ajames@example.com,Wrighttown,2026-05-07 19:28:21.627
588,Steven,Barrera,aliciachung@example.com,West Robertmouth,2026-05-07 19:28:21.633
589,David,Murray,mary19@example.org,North Willie,2026-05-07 19:28:21.640
590,Richard,Riddle,jamesarmstrong@example.com,East Jennifermouth,2026-05-07 19:28:21.647
591,Joshua,Jones,fwinters@example.org,West Derrick,2026-05-07 19:28:21.650
592,Theresa,King,xpark@example.org,Petersonshire,2026-05-07 19:28:21.653
593,Justin,Ford,cmitchell@example.com,West Jacob,2026-05-07 19:28:21.660
594,Lauren,Gonzalez,stephanie28@example.com,Port Sharifort,2026-05-07 19:28:21.667
595,Michelle,Lewis,lindseylee@example.org,Lake Robertmouth,2026-05-07 19:28:21.670
596,Amy,Jefferson,christophercannon@example.net,Lake Kathleen,2026-05-07 19:28:21.677
597,Michael,Ramirez,jschmidt@example.org,Amyside,2026-05-07 19:28:21.680
598,Margaret,Graham,caleb99@example.org,South Charles,2026-05-07 19:28:21.687
599,Guy,Lee,edwardcopeland@example.org,Port Bill,2026-05-07 19:28:21.693
600,Harold,Munoz,john02@example.com,New Nathan,2026-05-07 19:28:21.697
601,Jesse,Strong,pramirez@example.net,Farleyfort,2026-05-07 19:28:23.707
602,Bridget,Lindsey,thendricks@example.net,West Michealland,2026-05-07 19:28:23.723
603,Barbara,Johnson,robertsondaniel@example.org,Tommyhaven,2026-05-07 19:28:23.740
604,Daniel,Waters,thomasmichael@example.com,Nicolemouth,2026-05-07 19:28:23.753
605,Brittany,Miller,mcbridemichael@example.com,Davisville,2026-05-07 19:28:23.767
606,Susan,Ingram,kimberly52@example.org,South Brianshire,2026-05-07 19:28:23.777
607,April,Phillips,anagonzalez@example.org,West Joshuafort,2026-05-07 19:28:23.787
608,Jerome,Maddox,angelamarks@example.net,Yeseniaburgh,2026-05-07 19:28:23.797
609,John,Humphrey,kristenmeyer@example.com,Saraville,2026-05-07 19:28:23.803
610,Walter,Williams,lpetersen@example.com,Lake Reginashire,2026-05-07 19:28:23.813
611,Michael,Huffman,lphillips@example.net,East Stephentown,2026-05-07 19:28:23.820
612,Sandra,Garza,gonzalezdaryl@example.com,West Michaelstad,2026-05-07 19:28:23.827
613,Nicole,Roberts,lopezjacob@example.org,Lake Brett,2026-05-07 19:28:23.837
614,Mark,Brown,qblair@example.net,Patriciaborough,2026-05-07 19:28:23.850
615,Daniel,Espinoza,flewis@example.org,Anthonymouth,2026-05-07 19:28:23.857
616,Alan,Dalton,jeffrey10@example.net,Katelynshire,2026-05-07 19:28:23.863
617,Mary,Robinson,joshuamays@example.org,New Justinchester,2026-05-07 19:28:23.873
618,Joseph,Jones,jameswalker@example.net,Stewartview,2026-05-07 19:28:23.880
619,Ernest,Walton,jamesjulie@example.org,South Charles,2026-05-07 19:28:23.883
620,Steven,Andrade,hhernandez@example.net,Phillipschester,2026-05-07 19:28:23.890
621,Tara,Mcdowell,washingtonaaron@example.net,Dawnshire,2026-05-07 19:28:23.897
622,Joshua,Parker,julia93@example.net,East Christineville,2026-05-07 19:28:23.900
623,Lisa,Robinson,johnbarry@example.com,East Mistyton,2026-05-07 19:28:23.910
624,Michelle,Tran,krose@example.org,Clarkechester,2026-05-07 19:28:23.917
625,Maria,Dudley,nielsenmelvin@example.net,Ryanstad,2026-05-07 19:28:23.920
626,Nicole,Gonzalez,dwaynedalton@example.com,Bakermouth,2026-05-07 19:28:23.927
627,Sean,Carlson,guysmith@example.com,Sandraland,2026-05-07 19:28:23.930
628,Jerry,Taylor,bauerjon@example.net,South Beverlyshire,2026-05-07 19:28:23.933
629,Anna,Herrera,erin30@example.org,Smithport,2026-05-07 19:28:23.940
630,Marissa,Gonzales,pagebarbara@example.net,Davidchester,2026-05-07 19:28:23.943
631,Amber,Reynolds,joseph57@example.org,East Mariaview,2026-05-07 19:28:23.950
632,Julia,Richard,nhoover@example.org,North Debramouth,2026-05-07 19:28:23.957
633,Joshua,Smith,melissa71@example.org,Deanview,2026-05-07 19:28:23.960
634,Kristen,Williams,keithmcconnell@example.net,Blakeberg,2026-05-07 19:28:23.963
635,Vincent,Mccall,lauren86@example.net,South Michael,2026-05-07 19:28:23.970
636,Steve,Ingram,ybennett@example.org,Wrightstad,2026-05-07 19:28:23.973
637,Timothy,Nunez,hudsonmelissa@example.net,South Shelleyburgh,2026-05-07 19:28:23.980
638,Thomas,Walker,ggonzalez@example.com,Lake Louis,2026-05-07 19:28:23.983
639,Gabrielle,Navarro,richardsondana@example.com,West Heatherview,2026-05-07 19:28:23.990
640,Brandon,Simmons,stephaniesmith@example.com,Lake Brendastad,2026-05-07 19:28:23.993
641,Bruce,Edwards,powersdavid@example.net,Delgadoview,2026-05-07 19:28:24.000
642,Sharon,Santos,larryharvey@example.org,Kelleyfort,2026-05-07 19:28:24.003
643,Michael,Walls,patricia36@example.org,Johnport,2026-05-07 19:28:24.010
644,Patricia,Faulkner,keith06@example.org,Smithton,2026-05-07 19:28:24.017
645,Lindsey,Griffith,griffinjeff@example.org,New Ronald,2026-05-07 19:28:24.020
646,Robert,Gutierrez,elizabethcollins@example.org,Juliefurt,2026-05-07 19:28:24.023
647,Elizabeth,Reynolds,donald31@example.org,North Angelhaven,2026-05-07 19:28:24.030
648,John,Castaneda,samantharosales@example.org,West Markhaven,2026-05-07 19:28:24.033
649,Patty,Williams,montoyanicole@example.net,Whitneyland,2026-05-07 19:28:24.037
650,Emily,Warren,dward@example.org,North Matthewbury,2026-05-07 19:28:24.043
651,Adam,Floyd,ericsimpson@example.com,Port Wendy,2026-05-07 19:28:24.050
652,Alyssa,Elliott,jasonmontoya@example.net,Kaylatown,2026-05-07 19:28:24.053
653,James,Sims,moneill@example.net,New Kristenside,2026-05-07 19:28:24.060
654,Nicole,Gonzalez,fblanchard@example.org,Parrishstad,2026-05-07 19:28:24.063
655,Edwin,Callahan,francisneil@example.org,Waynehaven,2026-05-07 19:28:24.070
656,Christopher,Kemp,gonzalezdebbie@example.org,Gordonborough,2026-05-07 19:28:24.077
657,Lisa,Lopez,gnichols@example.org,New Kellieberg,2026-05-07 19:28:24.080
658,Madison,Alvarado,mitchelldoris@example.net,Hillfurt,2026-05-07 19:28:24.083
659,Heather,Smith,nicholas32@example.net,Leehaven,2026-05-07 19:28:24.090
660,Frank,Shelton,michael72@example.com,Johnchester,2026-05-07 19:28:24.093
661,Carmen,Peck,gregoryrobinson@example.com,Lake Dennis,2026-05-07 19:28:24.100
662,Michelle,Romero,yanglindsay@example.net,West Stacy,2026-05-07 19:28:24.107
663,George,Hayden,stephanie26@example.com,Ashleyton,2026-05-07 19:28:24.110
664,Adam,Mendoza,jenniferbryant@example.net,Port Denisechester,2026-05-07 19:28:24.113
665,Jared,Alvarez,reedjared@example.org,New Kristaport,2026-05-07 19:28:24.120
666,Christopher,Walker,sjackson@example.net,Munozton,2026-05-07 19:28:24.123
667,Jacob,Smith,jessicaballard@example.com,Justinstad,2026-05-07 19:28:24.127
668,Tracy,Miranda,crhodes@example.net,Port Nicole,2026-05-07 19:28:24.133
669,Steven,Proctor,gabriela09@example.org,Lake Jayshire,2026-05-07 19:28:24.140
670,Thomas,Mora,garzamiguel@example.com,Christineshire,2026-05-07 19:28:24.143
671,Jacob,Wolfe,deanveronica@example.org,Andreaton,2026-05-07 19:28:24.150
672,Pamela,Cummings,nicoledavis@example.net,Port Patriciaberg,2026-05-07 19:28:24.153
673,Brian,Kelly,brendan53@example.org,North Aaron,2026-05-07 19:28:24.160
674,Sylvia,Cook,youngconnie@example.org,Eduardoville,2026-05-07 19:28:24.163
675,Shari,Manning,jeffholmes@example.org,Tiffanystad,2026-05-07 19:28:24.167
676,Cynthia,Gregory,pcarter@example.net,Shaneton,2026-05-07 19:28:24.173
677,David,Olson,mperkins@example.net,New Danielton,2026-05-07 19:28:24.180
678,Donald,King,kylemyers@example.net,Annetteshire,2026-05-07 19:28:24.183
679,Justin,Jones,deckertristan@example.net,Freyport,2026-05-07 19:28:24.187
680,Sierra,Smith,znguyen@example.net,Murrayshire,2026-05-07 19:28:24.193
681,Joshua,Shepard,julie00@example.org,Martineztown,2026-05-07 19:28:24.197
682,Kristen,Kim,kristinrich@example.org,Mcguireburgh,2026-05-07 19:28:24.200
683,Melissa,Parks,morganmelissa@example.org,Larsenview,2026-05-07 19:28:24.207
684,Jeffrey,Campbell,hartmanrobert@example.com,Teresaland,2026-05-07 19:28:24.210
685,Adrian,Davis,sarah09@example.net,Chadshire,2026-05-07 19:28:24.217
686,Alyssa,Strong,jonesgina@example.com,Smithbury,2026-05-07 19:28:24.220
687,Cassandra,Jones,william44@example.com,East Michelle,2026-05-07 19:28:24.223
688,Anna,Meyer,rmyers@example.com,Joseland,2026-05-07 19:28:24.230
689,Carl,Thompson,blairpatricia@example.com,Lake Susanborough,2026-05-07 19:28:24.233
690,Eugene,Mcdonald,stephaniejackson@example.org,Ballardfurt,2026-05-07 19:28:24.240
691,Jennifer,Johnson,bethanywatts@example.net,Scottchester,2026-05-07 19:28:24.247
692,Nathaniel,Martinez,robinsonchristina@example.net,Lukeburgh,2026-05-07 19:28:24.250
693,Sandra,Smith,robertwest@example.com,Lake Kevintown,2026-05-07 19:28:24.257
694,Jenny,Reed,stephaniewatson@example.com,North Nicoleberg,2026-05-07 19:28:24.263
695,George,Harrison,john85@example.net,North Craig,2026-05-07 19:28:24.270
696,Michelle,Sims,xpowell@example.com,Karinaport,2026-05-07 19:28:24.273
697,Brenda,Cook,zhorton@example.org,East Sheila,2026-05-07 19:28:24.280
698,Daniel,Nguyen,yellis@example.net,Audreyhaven,2026-05-07 19:28:24.283
699,Rebecca,Rivera,emilyyoder@example.net,Lake Amanda,2026-05-07 19:28:24.287
700,Ashley,Carter,savagetravis@example.net,New Jerrychester,2026-05-07 19:28:24.290
701,Larry,Frazier,ajensen@example.net,Port Brian,2026-05-07 19:28:26.317
702,Richard,Dougherty,danielhughes@example.com,Davisville,2026-05-07 19:28:26.337
703,Jerry,Graves,johnkane@example.com,Solisbury,2026-05-07 19:28:26.343
704,Martin,Paul,austin13@example.com,Karenburgh,2026-05-07 19:28:26.350
705,George,Foster,stephanie22@example.com,Hernandezstad,2026-05-07 19:28:26.360
706,Douglas,Ellis,sethparker@example.com,New Melissaton,2026-05-07 19:28:26.370
707,Jessica,Roberts,alexanderevans@example.com,Lake Rodneymouth,2026-05-07 19:28:26.380
708,Curtis,Adams,laurabond@example.com,Sarahtown,2026-05-07 19:28:26.390
709,Jennifer,Cruz,greenecory@example.com,Mirandamouth,2026-05-07 19:28:26.397
710,Elizabeth,Barnes,alvaradocourtney@example.org,Welchside,2026-05-07 19:28:26.410
711,Stacey,Wall,ethan00@example.org,Calebview,2026-05-07 19:28:26.420
712,Barbara,Kim,fwaters@example.net,Lynnside,2026-05-07 19:28:26.430
713,Walter,Evans,nicoleglover@example.com,Franciscoside,2026-05-07 19:28:26.437
714,Brian,Brown,cookwendy@example.org,Port Michaelmouth,2026-05-07 19:28:26.447
715,James,Brown,ramirezrandy@example.org,South Angela,2026-05-07 19:28:26.453
716,Michelle,Jones,rollinsdawn@example.org,East Stevenchester,2026-05-07 19:28:26.460
717,Sarah,Foster,christygreen@example.net,West Michaelton,2026-05-07 19:28:26.467
718,Michael,Brown,joserobinson@example.net,Reginamouth,2026-05-07 19:28:26.477
719,Robert,Calhoun,rosalesdiana@example.org,Toddport,2026-05-07 19:28:26.483
720,James,Hale,morgandarrell@example.org,Melissashire,2026-05-07 19:28:26.490
721,Kelsey,Sutton,taylormichele@example.org,South Garyland,2026-05-07 19:28:26.500
722,David,Hanson,anthonymartinez@example.org,East Angela,2026-05-07 19:28:26.510
723,James,Anderson,chamilton@example.org,Matthewfort,2026-05-07 19:28:26.520
724,Michael,Wilson,william47@example.com,Port Brittanyhaven,2026-05-07 19:28:26.530
725,Donna,Wilson,lisa62@example.net,Michaelhaven,2026-05-07 19:28:26.537
726,James,Ramirez,marthalin@example.org,Mejiabury,2026-05-07 19:28:26.547
727,John,Humphrey,melissasmith@example.org,West James,2026-05-07 19:28:26.557
728,Allison,Rangel,martinchristopher@example.com,Whitneytown,2026-05-07 19:28:26.567
729,Eric,White,martinezsusan@example.org,West Kristachester,2026-05-07 19:28:26.577
730,Jaime,Reed,ymoore@example.org,Willieburgh,2026-05-07 19:28:26.587
731,Tommy,Chambers,campbelljacob@example.net,Grossmouth,2026-05-07 19:28:26.597
732,Katie,Brown,john63@example.com,Lake Jennifer,2026-05-07 19:28:26.607
733,Brittany,Henderson,raymondbrown@example.com,Port Lawrencestad,2026-05-07 19:28:26.613
734,Zachary,Lawrence,umoore@example.org,Bradfurt,2026-05-07 19:28:26.623
735,Nicole,Rodriguez,richardjohnson@example.com,South Isaac,2026-05-07 19:28:26.630
736,Melanie,James,garyjacobs@example.org,Melissamouth,2026-05-07 19:28:26.640
737,Lauren,Gaines,jessica19@example.com,Lake Sarah,2026-05-07 19:28:26.643
738,Kelsey,Miller,terri43@example.net,Port Michael,2026-05-07 19:28:26.653
739,Jack,Hull,leejennifer@example.com,Lake Brent,2026-05-07 19:28:26.660
740,Logan,Smith,michellewarren@example.net,South Darren,2026-05-07 19:28:26.670
741,Clinton,Campos,michaelhernandez@example.org,New Patricia,2026-05-07 19:28:26.680
742,Diane,Brown,uhopkins@example.org,Joshualand,2026-05-07 19:28:26.683
743,Kara,Lawrence,abigail26@example.org,Arthurland,2026-05-07 19:28:26.693
744,Nicole,Ruiz,melissareynolds@example.org,Sheliashire,2026-05-07 19:28:26.703
745,Lori,Moreno,kguzman@example.org,Lake Dianatown,2026-05-07 19:28:26.710
746,Bailey,Moran,steve93@example.org,Port Jeffrey,2026-05-07 19:28:26.720
747,Donna,Berg,suzannejohnson@example.com,Garciahaven,2026-05-07 19:28:26.727
748,Mark,Harris,jporter@example.org,Port Steven,2026-05-07 19:28:26.737
749,Brittany,Rodriguez,nicholastownsend@example.org,Hollyland,2026-05-07 19:28:26.743
750,Richard,Maynard,davisricardo@example.org,Lake Samantha,2026-05-07 19:28:26.753
751,Susan,Hall,robertsrobert@example.net,Sanchezberg,2026-05-07 19:28:26.763
752,Kelly,Daniels,diazjoe@example.org,Emilymouth,2026-05-07 19:28:26.770
753,Bradley,Clay,iallen@example.net,New Melissamouth,2026-05-07 19:28:26.773
754,Jeremy,Shaw,hmendoza@example.org,Morrischester,2026-05-07 19:28:26.780
755,Tammy,Dickson,burnsheather@example.org,Marthabury,2026-05-07 19:28:26.790
756,Devin,Harris,tim99@example.org,Brendaview,2026-05-07 19:28:26.797
757,Eric,Wood,jennifer64@example.com,Goodwinville,2026-05-07 19:28:26.807
758,Timothy,Williams,mdowns@example.com,Garciafurt,2026-05-07 19:28:26.813
759,Theodore,Kelly,sarahrivera@example.org,Arthurshire,2026-05-07 19:28:26.820
760,Beverly,Mendoza,rebekah12@example.net,West Jill,2026-05-07 19:28:26.827
761,Tasha,Blair,hstokes@example.com,West Brittanyside,2026-05-07 19:28:26.833
762,Jamie,Cannon,garciaalicia@example.com,Trevorside,2026-05-07 19:28:26.843
763,Alexander,Krueger,davisemily@example.net,West Stephenbury,2026-05-07 19:28:26.853
764,Jose,Thomas,poolekaren@example.org,Brianafurt,2026-05-07 19:28:26.860
765,Diana,Hoover,michaelmiller@example.org,Reneebury,2026-05-07 19:28:26.867
766,Kenneth,Meyer,ochoabrent@example.net,North Destinychester,2026-05-07 19:28:26.877
767,Lisa,Cooper,juarezandrea@example.net,North Jenniferland,2026-05-07 19:28:26.883
768,Jody,Gay,austinrebecca@example.org,South Christine,2026-05-07 19:28:26.890
769,Stephanie,Reyes,ymay@example.org,Stephenfort,2026-05-07 19:28:26.900
770,Eric,Jones,gstewart@example.com,Christopherchester,2026-05-07 19:28:26.907
771,Amanda,Brown,manningjamie@example.net,East Sheriview,2026-05-07 19:28:26.917
772,Christopher,Clayton,ashley17@example.net,South Rodney,2026-05-07 19:28:26.923
773,Michael,Torres,april56@example.com,West Julieburgh,2026-05-07 19:28:26.930
774,James,Mahoney,uwilson@example.org,Danielsmouth,2026-05-07 19:28:26.937
775,Kristopher,Campbell,rgarza@example.com,Lake Makayla,2026-05-07 19:28:26.943
776,Anthony,Cunningham,uthomas@example.org,West Ronaldville,2026-05-07 19:28:26.950
777,Thomas,Osborne,ugarrett@example.com,Turnerside,2026-05-07 19:28:26.960
778,Ann,Rogers,ncox@example.net,Jonesborough,2026-05-07 19:28:26.967
779,Scott,Wiley,paynejoshua@example.org,Lake Kelly,2026-05-07 19:28:26.973
780,Caitlin,Douglas,deborah68@example.com,Harrisontown,2026-05-07 19:28:26.980
781,Clinton,Hall,timothytran@example.net,West Melissa,2026-05-07 19:28:26.990
782,Donna,Brown,zlee@example.com,Cohenborough,2026-05-07 19:28:27.000
783,Christopher,Torres,thomasluke@example.org,North Michael,2026-05-07 19:28:27.010
784,Ricky,Nelson,iadams@example.org,Bradleyshire,2026-05-07 19:28:27.013
785,Ana,Figueroa,brent10@example.org,Stephaniemouth,2026-05-07 19:28:27.020
786,Pamela,Johnson,nina57@example.net,Matthewview,2026-05-07 19:28:27.030
787,Michelle,Mercado,whitesuzanne@example.net,South Michaelmouth,2026-05-07 19:28:27.040
788,Brian,Stewart,matthew79@example.org,West Nicoleport,2026-05-07 19:28:27.047
789,Heather,Reid,jacqueline53@example.net,Karafurt,2026-05-07 19:28:27.057
790,Pamela,Cantrell,hayespeter@example.org,West Evan,2026-05-07 19:28:27.063
791,Jeffrey,Oneill,mmarquez@example.org,South Cynthia,2026-05-07 19:28:27.070
792,Darren,Leon,ricky67@example.org,South Mitchellborough,2026-05-07 19:28:27.077
793,Karen,Rodriguez,groberson@example.org,Williamview,2026-05-07 19:28:27.083
794,Eugene,Hammond,dominicthomas@example.net,Lake Larryport,2026-05-07 19:28:27.093
795,Jerry,Gray,jessica17@example.com,Reynoldsside,2026-05-07 19:28:27.103
796,Jessica,Reeves,jamie29@example.com,New Luisborough,2026-05-07 19:28:27.110
797,Tara,Myers,rhondarodriguez@example.com,West Michealmouth,2026-05-07 19:28:27.120
798,Eric,Bird,kristiemata@example.com,East Valerieside,2026-05-07 19:28:27.130
799,Jonathan,Davis,igutierrez@example.net,North Brandon,2026-05-07 19:28:27.140
800,Krystal,Mayo,martinezdavid@example.net,New Wendymouth,2026-05-07 19:28:27.150
801,Shawn,Simmons,hunterkaylee@example.com,Bennettburgh,2026-05-07 19:28:29.167
802,Ruben,Skinner,melissa44@example.com,Robertview,2026-05-07 19:28:29.187
803,Virginia,Perez,pennyking@example.net,Lake Stephanie,2026-05-07 19:28:29.200
804,Ryan,Garcia,katrinaramos@example.com,East Kyleton,2026-05-07 19:28:29.207
805,Ann,Cruz,christophercraig@example.com,Jenningsport,2026-05-07 19:28:29.220
806,Keith,Bush,jeffreycollins@example.net,South Jennifermouth,2026-05-07 19:28:29.230
807,Alexander,Newton,bauershirley@example.net,Timothymouth,2026-05-07 19:28:29.240
808,Rhonda,Dawson,kcabrera@example.com,New Douglasmouth,2026-05-07 19:28:29.253
809,Sean,Gonzales,sheltonanthony@example.com,South Barbaraside,2026-05-07 19:28:29.260
810,Adrian,Newton,feliciamoss@example.com,New Travis,2026-05-07 19:28:29.270
811,Jason,Smith,imorrison@example.com,Durantown,2026-05-07 19:28:29.283
812,Angela,Montes,hjohnson@example.net,Mckenziebury,2026-05-07 19:28:29.293
813,Richard,Gardner,ballardmartin@example.com,South Samuelfurt,2026-05-07 19:28:29.303
814,Robert,Vargas,henrykelsey@example.com,West Javier,2026-05-07 19:28:29.310
815,Christine,Moses,garciaroberto@example.com,Davidborough,2026-05-07 19:28:29.317
816,Joseph,Turner,kcarlson@example.net,Port Jacqueline,2026-05-07 19:28:29.323
817,Tony,Williams,johnkennedy@example.org,Christopherport,2026-05-07 19:28:29.330
818,Elizabeth,Anderson,ramirezsharon@example.net,West Jose,2026-05-07 19:28:29.337
819,Kevin,Mcconnell,diana12@example.com,Jonathanmouth,2026-05-07 19:28:29.340
820,Aaron,Meyer,william35@example.net,Yangfort,2026-05-07 19:28:29.347
821,Angela,Harris,theresawelch@example.org,East Edwardmouth,2026-05-07 19:28:29.353
822,Jeremy,Lewis,rhonda42@example.org,Jameschester,2026-05-07 19:28:29.360
823,Destiny,Phillips,icooper@example.net,Garzastad,2026-05-07 19:28:29.363
824,Keith,Wright,lchen@example.net,Christopherside,2026-05-07 19:28:29.370
825,Christopher,Doyle,ncrosby@example.net,Annehaven,2026-05-07 19:28:29.373
826,Kelsey,Hall,glenn32@example.net,North Danielstad,2026-05-07 19:28:29.380
827,Nicole,Solis,sandrapatrick@example.org,Adamland,2026-05-07 19:28:29.383
828,Andrew,Berry,zdawson@example.org,Thompsontown,2026-05-07 19:28:29.387
829,Gwendolyn,Walker,savagevickie@example.net,Russellport,2026-05-07 19:28:29.390
830,Peter,Mendez,tonyalewis@example.org,Dudleymouth,2026-05-07 19:28:29.393
831,Melissa,Farrell,wattsjessica@example.net,West Danielburgh,2026-05-07 19:28:29.400
832,Thomas,Middleton,dpowell@example.org,East Jonathanport,2026-05-07 19:28:29.403
833,Jennifer,Cooper,christine05@example.org,Milesfurt,2026-05-07 19:28:29.407
834,Dennis,Parks,anthony75@example.com,Christineside,2026-05-07 19:28:29.410
835,Robert,Schneider,tinawang@example.net,North Amanda,2026-05-07 19:28:29.417
836,Lindsey,Roy,gsimpson@example.net,West Codyview,2026-05-07 19:28:29.420
837,Jason,Wilson,epowell@example.com,Port Davidbury,2026-05-07 19:28:29.427
838,Joseph,Douglas,ggonzalez@example.org,West Bethport,2026-05-07 19:28:29.430
839,John,Newman,lopezteresa@example.com,Serranotown,2026-05-07 19:28:29.437
840,Bryan,Murphy,tturner@example.net,New Davidchester,2026-05-07 19:28:29.440
841,Sean,Rosales,johnjones@example.com,New Jeffreyton,2026-05-07 19:28:29.447
842,Penny,Mann,zmyers@example.com,Raymondton,2026-05-07 19:28:29.450
843,Michael,Fox,donna84@example.net,Lake Jessicaton,2026-05-07 19:28:29.457
844,Natalie,Lewis,ewright@example.net,Dorismouth,2026-05-07 19:28:29.463
845,David,Flores,garcialindsay@example.org,South Holly,2026-05-07 19:28:29.467
846,Diamond,Perry,rfrazier@example.net,East Lauraton,2026-05-07 19:28:29.473
847,Andrew,Wright,elang@example.com,Farmerburgh,2026-05-07 19:28:29.477
848,Gina,Sutton,orichardson@example.org,East Michelefurt,2026-05-07 19:28:29.483
849,Cynthia,Woodard,scottarthur@example.com,North Danielberg,2026-05-07 19:28:29.487
850,Louis,Duke,burtonmichael@example.com,South Carolchester,2026-05-07 19:28:29.493
851,Heather,Kline,evanochoa@example.org,Port Vincentfort,2026-05-07 19:28:29.500
852,Shaun,Hernandez,larry62@example.net,West Robert,2026-05-07 19:28:29.507
853,Kenneth,Wells,fharrington@example.org,Johnchester,2026-05-07 19:28:29.513
854,Alicia,Price,frankmoore@example.org,Port Lisaland,2026-05-07 19:28:29.517
855,Megan,Garrett,alexis40@example.net,Robertborough,2026-05-07 19:28:29.520
856,Ryan,Baker,richardsoncindy@example.com,West Jodichester,2026-05-07 19:28:29.527
857,Kenneth,Gardner,meganbonilla@example.org,Russellview,2026-05-07 19:28:29.530
858,Deanna,Pearson,michelle41@example.net,South Jim,2026-05-07 19:28:29.537
859,Clifford,Austin,cochranhannah@example.net,New Travis,2026-05-07 19:28:29.543
860,Melissa,Welch,mgreen@example.org,Johnburgh,2026-05-07 19:28:29.550
861,Christopher,Waters,ggordon@example.net,Adamville,2026-05-07 19:28:29.553
862,Deborah,Robertson,traciehayes@example.org,Stephensonport,2026-05-07 19:28:29.560
863,Carly,Garza,figueroamark@example.net,Danielleland,2026-05-07 19:28:29.563
864,Christopher,Fuentes,kingjoshua@example.org,North Lori,2026-05-07 19:28:29.570
865,Brian,Mendoza,mariajohnson@example.com,West Kennethchester,2026-05-07 19:28:29.573
866,Brenda,Edwards,tpark@example.net,Robertmouth,2026-05-07 19:28:29.580
867,Glenn,Rodriguez,daviskenneth@example.com,Lake Colin,2026-05-07 19:28:29.583
868,Linda,Walker,lisa77@example.org,Toddtown,2026-05-07 19:28:29.590
869,Randy,Santiago,xjackson@example.com,Port Julie,2026-05-07 19:28:29.593
870,Michelle,Holmes,eboyd@example.net,West Robertview,2026-05-07 19:28:29.600
871,Jacob,Powell,hsimmons@example.org,Lake Thomas,2026-05-07 19:28:29.603
872,Brian,Warner,leblancpaul@example.org,Stevensville,2026-05-07 19:28:29.607
873,Dakota,Bradley,wcobb@example.org,Eugeneberg,2026-05-07 19:28:29.613
874,Deanna,Tapia,kellicunningham@example.org,Wisehaven,2026-05-07 19:28:29.620
875,Jim,Morris,davidgarcia@example.org,Port Catherineland,2026-05-07 19:28:29.623
876,Lynn,Chavez,nmcclure@example.com,Solisstad,2026-05-07 19:28:29.627
877,Karen,Carpenter,donaldbrown@example.com,Karaburgh,2026-05-07 19:28:29.633
878,Anna,Berry,angela71@example.com,Joanport,2026-05-07 19:28:29.640
879,Erica,Martin,stephen80@example.net,Port Julie,2026-05-07 19:28:29.643
880,Carla,Craig,seanfitzgerald@example.net,East Cheryl,2026-05-07 19:28:29.650
881,Megan,Rodriguez,qknox@example.org,Davisshire,2026-05-07 19:28:29.657
882,Julian,Acosta,shawjonathan@example.net,Port Amy,2026-05-07 19:28:29.660
883,Brandon,Stevens,geraldvasquez@example.org,South Dominiquemouth,2026-05-07 19:28:29.667
884,Gary,Williams,erik42@example.com,Lake Richard,2026-05-07 19:28:29.673
885,Allison,Carney,davisrhonda@example.net,West Phillip,2026-05-07 19:28:29.677
886,Kaylee,Walsh,julia10@example.org,South Brendamouth,2026-05-07 19:28:29.683
887,Cassie,Ramirez,davidgraham@example.com,North Javiermouth,2026-05-07 19:28:29.690
888,Brenda,Mcdonald,johnsanders@example.com,East Amanda,2026-05-07 19:28:29.693
889,Sean,Charles,nsimpson@example.org,New Angela,2026-05-07 19:28:29.700
890,Troy,Saunders,suzannelee@example.com,Ashleyville,2026-05-07 19:28:29.703
891,Richard,Lee,warrenmercedes@example.com,Gonzalezside,2026-05-07 19:28:29.707
892,Helen,Harding,alexbarnes@example.com,Austinville,2026-05-07 19:28:29.710
893,Dylan,Stark,jmiller@example.org,Jenniferview,2026-05-07 19:28:29.717
894,Bruce,Johnson,georgegreen@example.net,Davidtown,2026-05-07 19:28:29.723
895,Keith,Ellis,tiffany49@example.net,Lisamouth,2026-05-07 19:28:29.727
896,Scott,Dillon,ginanewman@example.net,Lake Mario,2026-05-07 19:28:29.733
897,Jacqueline,Jones,gregory97@example.net,South Dana,2026-05-07 19:28:29.740
898,Bethany,Ali,umathis@example.net,Kylemouth,2026-05-07 19:28:29.743
899,Rhonda,Patterson,tiffanyleon@example.org,Bensonmouth,2026-05-07 19:28:29.750
900,Jessica,Krueger,pam18@example.org,South Joel,2026-05-07 19:28:29.753
901,Cynthia,Fowler,christopherbaker@example.net,Lake Hollyside,2026-05-07 19:28:31.770
902,Jennifer,Adams,carpenterray@example.com,South Haleyfort,2026-05-07 19:28:31.787
903,Tanya,Hayes,xorr@example.net,Evelynfort,2026-05-07 19:28:31.797
904,Roger,Hoover,lewislance@example.org,West Andres,2026-05-07 19:28:31.807
905,Lisa,Johnson,robinsonrobert@example.org,South Jenniferton,2026-05-07 19:28:31.817
906,Jesse,Lane,ghernandez@example.net,North Dianehaven,2026-05-07 19:28:31.827
907,Robert,Perez,harrissteve@example.com,South David,2026-05-07 19:28:31.833
908,Donna,Larson,joshuabuck@example.com,Hermanland,2026-05-07 19:28:31.843
909,Joshua,Hernandez,kathythompson@example.org,Lake Kristinehaven,2026-05-07 19:28:31.850
910,James,Garcia,heather28@example.org,Sarahville,2026-05-07 19:28:31.860
911,Amy,Davis,tannerdavis@example.net,Carlosport,2026-05-07 19:28:31.870
912,Zachary,Harris,nelsonraymond@example.org,New Timothy,2026-05-07 19:28:31.877
913,Matthew,Morales,uwade@example.com,Andersonton,2026-05-07 19:28:31.887
914,Cory,Barron,sheppardisaac@example.org,Baileytown,2026-05-07 19:28:31.897
915,Karen,Edwards,tyler49@example.org,New Juan,2026-05-07 19:28:31.903
916,Steven,Gutierrez,vwright@example.net,Thomastown,2026-05-07 19:28:31.913
917,Caleb,Parker,kturner@example.net,Williamsbury,2026-05-07 19:28:31.923
918,Curtis,Rogers,alexander17@example.net,Mendezport,2026-05-07 19:28:31.930
919,Erica,Walker,contrerasrobert@example.net,Taylorfurt,2026-05-07 19:28:31.940
920,Thomas,Knight,andrewedwards@example.com,Chandlershire,2026-05-07 19:28:31.950
921,Kathy,Smith,maryreyes@example.org,Bakerstad,2026-05-07 19:28:31.957
922,Kathleen,Anderson,williamking@example.net,North Aprilchester,2026-05-07 19:28:31.963
923,Taylor,Torres,gonzalezchristopher@example.net,West Jenniferfurt,2026-05-07 19:28:31.970
924,Michael,Smith,pbond@example.com,Meganside,2026-05-07 19:28:31.977
925,William,Wright,shafferdonna@example.net,Johnville,2026-05-07 19:28:31.983
926,Jamie,Espinoza,fletcherjoseph@example.net,Charlesburgh,2026-05-07 19:28:31.990
927,Keith,Rice,elizabeth82@example.net,Cohenport,2026-05-07 19:28:32.000
928,Carlos,Collins,gibsonmarissa@example.org,West Victoriachester,2026-05-07 19:28:32.003
929,Barbara,Jones,ywebb@example.net,Jasonburgh,2026-05-07 19:28:32.010
930,Kathryn,White,katieburns@example.org,Debrastad,2026-05-07 19:28:32.017
931,Brett,Dean,blake50@example.net,Amandafort,2026-05-07 19:28:32.023
932,Michael,Carr,edward08@example.net,West Keithton,2026-05-07 19:28:32.030
933,Eric,Lewis,charlesgraves@example.com,Port Tammy,2026-05-07 19:28:32.037
934,Marie,Oliver,kmoore@example.org,New Vanessastad,2026-05-07 19:28:32.043
935,Charles,Carroll,andrew28@example.com,South Kathleen,2026-05-07 19:28:32.050
936,Scott,Hughes,nwyatt@example.com,South Caitlin,2026-05-07 19:28:32.057
937,Walter,Rios,phoffman@example.com,Austinland,2026-05-07 19:28:32.060
938,Deborah,Davis,christopher14@example.net,Chadfurt,2026-05-07 19:28:32.067
939,Christy,Fisher,tgraves@example.org,New Nicolefurt,2026-05-07 19:28:32.070
940,Christina,Rodgers,hodgesandrea@example.com,Paulside,2026-05-07 19:28:32.077
941,Stephen,Brown,john08@example.net,Hartton,2026-05-07 19:28:32.080
942,Penny,Lamb,paulclarke@example.org,East James,2026-05-07 19:28:32.087
943,James,Livingston,emilyvalentine@example.org,Richardsonland,2026-05-07 19:28:32.093
944,Jill,Allen,jamieglenn@example.org,Browntown,2026-05-07 19:28:32.097
945,Cathy,Hill,ewilliams@example.org,Harrisbury,2026-05-07 19:28:32.100
946,Steven,Ballard,zmunoz@example.net,Port Sarah,2026-05-07 19:28:32.107
947,Hunter,Gallagher,cody63@example.org,South Denisechester,2026-05-07 19:28:32.110
948,Elizabeth,Mack,obender@example.com,Batesstad,2026-05-07 19:28:32.117
949,Suzanne,Mooney,alyssaburns@example.com,Lopezmouth,2026-05-07 19:28:32.120
950,Connie,Joyce,luismurray@example.com,Port Daniel,2026-05-07 19:28:32.123
951,Mercedes,Bowman,acoleman@example.org,Taylorland,2026-05-07 19:28:32.130
952,Kristy,King,mayomorgan@example.com,Hartmanville,2026-05-07 19:28:32.133
953,Tanya,Murray,mgay@example.net,Lake Veronica,2026-05-07 19:28:32.140
954,Charles,Keller,changdaniel@example.org,North Anthony,2026-05-07 19:28:32.140
955,Dustin,Miller,eroman@example.net,Port Catherine,2026-05-07 19:28:32.147
956,Julie,Cardenas,bjones@example.net,New Darleneport,2026-05-07 19:28:32.150
957,Jorge,Martinez,sjackson@example.com,Ramosburgh,2026-05-07 19:28:32.157
958,Alexis,Butler,jefferyreilly@example.net,Port Tylerbury,2026-05-07 19:28:32.160
959,Tammy,Duncan,jacobpeters@example.org,South Jason,2026-05-07 19:28:32.163
960,Ronnie,Rodriguez,vargasdavid@example.com,Markview,2026-05-07 19:28:32.170
961,Angela,Jackson,nelsonbrian@example.com,Aaronburgh,2026-05-07 19:28:32.173
962,Monique,Williams,leah78@example.org,South Alexander,2026-05-07 19:28:32.180
963,Kathy,King,hawkinsmartha@example.net,North Joseph,2026-05-07 19:28:32.183
964,Robert,Martin,caitlin40@example.org,Robertsborough,2026-05-07 19:28:32.187
965,Stephen,Forbes,grichmond@example.com,Lake Cathy,2026-05-07 19:28:32.193
966,Jeffrey,Figueroa,davidtucker@example.com,Lake Ryanfurt,2026-05-07 19:28:32.200
967,Alyssa,Tucker,murraydavid@example.org,South Crystal,2026-05-07 19:28:32.200
968,Heather,Yoder,morganchristina@example.com,Nicholasfort,2026-05-07 19:28:32.207
969,Eric,Valentine,herringjoshua@example.net,Estradaton,2026-05-07 19:28:32.213
970,Levi,Gonzalez,rachel68@example.net,South Rhonda,2026-05-07 19:28:32.220
971,Catherine,Dawson,joshua41@example.org,Edwardschester,2026-05-07 19:28:32.223
972,Audrey,Rodriguez,zcooper@example.org,North Gabrielmouth,2026-05-07 19:28:32.230
973,Nathan,Allen,aaronhudson@example.com,Allenport,2026-05-07 19:28:32.233
974,Jim,Cantu,michaelwoods@example.net,Jonathanport,2026-05-07 19:28:32.240
975,Brian,Johnson,ale@example.net,Port Oliviachester,2026-05-07 19:28:32.243
976,Michael,Lane,wudavid@example.com,New Albertborough,2026-05-07 19:28:32.250
977,Jessica,Simmons,annabailey@example.org,Lake Mary,2026-05-07 19:28:32.253
978,Antonio,Smith,stokesjonathan@example.net,West Bradhaven,2026-05-07 19:28:32.260
979,Walter,Murphy,johnsonjanet@example.net,Phillipsburgh,2026-05-07 19:28:32.263
980,Karen,Peterson,johnsmichael@example.org,Courtneybury,2026-05-07 19:28:32.270
981,Kimberly,Powell,tonyapalmer@example.com,Phillipsburgh,2026-05-07 19:28:32.273
982,Steven,Rios,christophergutierrez@example.org,Wesleyfort,2026-05-07 19:28:32.280
983,Tonya,Rhodes,trussell@example.com,Robertside,2026-05-07 19:28:32.283
984,Ellen,Horn,lisa63@example.net,Heathshire,2026-05-07 19:28:32.287
985,Kelly,Rice,uvasquez@example.net,South Tom,2026-05-07 19:28:32.293
986,John,Miles,olsenlisa@example.com,Courtneyport,2026-05-07 19:28:32.300
987,Derrick,Brown,burkejohn@example.org,Lake Gregorymouth,2026-05-07 19:28:32.303
988,Brent,Johnston,kristen42@example.org,North Amyhaven,2026-05-07 19:28:32.307
989,Mary,Sullivan,sjordan@example.net,Smithmouth,2026-05-07 19:28:32.310
990,James,Romero,brendadougherty@example.net,New Loriland,2026-05-07 19:28:32.317
991,Michael,Rivera,kayla28@example.org,New Ruben,2026-05-07 19:28:32.320
992,Rachel,Hicks,pjohnson@example.com,Haysburgh,2026-05-07 19:28:32.323
993,Heather,Reeves,qjacobs@example.org,Beverlyview,2026-05-07 19:28:32.330
994,Kristopher,Shelton,webbnicole@example.org,Hartmanland,2026-05-07 19:28:32.337
995,Robert,Smith,jeffery93@example.org,East Victoriahaven,2026-05-07 19:28:32.343
996,Justin,Allison,christopher22@example.net,West Victor,2026-05-07 19:28:32.350
997,Justin,Wolfe,jimmy33@example.net,West Matthew,2026-05-07 19:28:32.353
998,Jason,Drake,kristinfoley@example.org,Sharonport,2026-05-07 19:28:32.360
999,Michelle,Horn,kendrataylor@example.net,South Jamesbury,2026-05-07 19:28:32.363
1000,Kristen,Moore,christopher47@example.org,Townsendmouth,2026-05-07 19:28:32.370
